execution_id,recommendation_id,job_id,action_taken,old_region,new_region,execution_status,mock_ticket_id,mock_pr_url,executed_at,pricing_source
637c4ff4,45f79e40,az-WgPZpnNYXuY7z2wxaUvahLwcF0KfVgUbaku/jssAIu+ARTmy2izfDvFUHVrtRgGu,time_shift,eu-west-1,eu-west-1,success,SUST-45F79E,https://github.com/example/repo/pull/45f7,2026-04-30 11:56:51.060705,"AWS On-Demand Pricing snapshot 2025-01-15 (m5.large / g4dn.xlarge Linux, public pricing pages)"
6941ed37,2f328762,az-xHnP4sE1TZ5ZCJP0TqsZS4rfbNg9hA3FniHQFUa0jZqWbmWvtTEUZU+xG4b0tU1c,time_shift,ap-south-1,ap-south-1,success,SUST-2F3287,https://github.com/example/repo/pull/2f32,2026-04-30 11:56:51.061016,"AWS On-Demand Pricing snapshot 2025-01-15 (m5.large / g4dn.xlarge Linux, public pricing pages)"
bee5c8be,ce1101b5,az-65Lvg3enQdG5vph5O0A5sV1t044kBBE/uOhYChZNg18KH+fwzhC8avyymxLPj9c+,time_shift,eu-west-1,eu-west-1,success,SUST-CE1101,https://github.com/example/repo/pull/ce11,2026-04-30 11:56:51.061210,"AWS On-Demand Pricing snapshot 2025-01-15 (m5.large / g4dn.xlarge Linux, public pricing pages)"
62dad586,f5114751,az-mLf+GgKIHBKXqB5SQJ3Z9/7FleU79kKeefDcPPpZGwbrkK8BQyJP26qs/nj99Q9P,region_shift,eu-west-1,eu-north-1,success,SUST-F51147,https://github.com/example/repo/pull/f511,2026-04-30 11:56:51.061306,"AWS On-Demand Pricing snapshot 2025-01-15 (m5.large / g4dn.xlarge Linux, public pricing pages)"
da5ef337,d5a4e721,az-TfuKW35JOr9n6egrZz5iSTMZWvI4fMIYOt8OUBD4xDQVkYyWplVuqOvhiy/TYOOe,time_shift,eu-west-1,eu-west-1,success,SUST-D5A4E7,https://github.com/example/repo/pull/d5a4,2026-04-30 11:56:51.061403,"AWS On-Demand Pricing snapshot 2025-01-15 (m5.large / g4dn.xlarge Linux, public pricing pages)"
944a9a19,19725fe3,az-e6xL14BUWcT5KvL4Rc6zFgnYC7qGS4mFeOQd3zp94Pl6t7ECHcJqsv1xIZ8C7RJq,time_shift,eu-west-1,eu-west-1,success,SUST-19725F,https://github.com/example/repo/pull/1972,2026-04-30 11:56:51.061496,"AWS On-Demand Pricing snapshot 2025-01-15 (m5.large / g4dn.xlarge Linux, public pricing pages)"
fe112604,5ea83a22,az-IiNbzJJbnR0hBRK6Hz22aQGi+mGk/LowdH633HkvOyAh4aBT608X6j6DriBKzguY,time_shift,eu-west-1,eu-west-1,success,SUST-5EA83A,https://github.com/example/repo/pull/5ea8,2026-04-30 11:56:51.062462,"AWS On-Demand Pricing snapshot 2025-01-15 (m5.large / g4dn.xlarge Linux, public pricing pages)"
86517042,43d7efe2,az-+uUyOwbtVV4zrAhYGhaOVeYT5sz605DC0WI7Nx8I2FBku0t0ZLVHc7Rob+eSx2HE,time_shift,eu-west-1,eu-west-1,success,SUST-43D7EF,https://github.com/example/repo/pull/43d7,2026-04-30 11:56:51.062587,"AWS On-Demand Pricing snapshot 2025-01-15 (m5.large / g4dn.xlarge Linux, public pricing pages)"
663c0723,7888cf1c,az-xm9muoZR+/cC5CDKNTxdE0nXWeitimk8kYP7S1sC+gMkHmnXXN7UbP6u20K9dcak,time_shift,eu-west-1,eu-west-1,success,SUST-7888CF,https://github.com/example/repo/pull/7888,2026-04-30 11:56:51.062687,"AWS On-Demand Pricing snapshot 2025-01-15 (m5.large / g4dn.xlarge Linux, public pricing pages)"
e8d4bf19,9b22356b,az-ehhvCWPrJ/uyFImXXamAwNaG/zlsjF7PO+IQsssdp64hHlyZcrUaWD0Wi1+KBIlU,region_shift+time_shift,us-east-1,us-west-2,success,SUST-9B2235,https://github.com/example/repo/pull/9b22,2026-04-30 11:56:51.062776,"AWS On-Demand Pricing snapshot 2025-01-15 (m5.large / g4dn.xlarge Linux, public pricing pages)"
b23d3b47,a7dc770c,az-wUbbPYABsY2UyaGey8BYdCliDun/FP0tGP5eWRRgrrgVTfZdq5g4OkzQS+bA1MTJ,time_shift,eu-west-1,eu-west-1,success,SUST-A7DC77,https://github.com/example/repo/pull/a7dc,2026-04-30 11:56:51.062863,"AWS On-Demand Pricing snapshot 2025-01-15 (m5.large / g4dn.xlarge Linux, public pricing pages)"
a98c0758,facae71b,az-3XFpwJQvGXXFGRP12ftkdFBR9K3LuZ/klB2zxnrtsQ7uTjDTDs1s8mSlZp8muXb9,region_shift,ap-south-1,us-west-2,success,SUST-FACAE7,https://github.com/example/repo/pull/faca,2026-04-30 11:56:51.062944,"AWS On-Demand Pricing snapshot 2025-01-15 (m5.large / g4dn.xlarge Linux, public pricing pages)"
9f6aa357,8aba2010,az-c8Xnn1R4SePW9L6szWhdwXTmKKfU7DDo49TR8lEE87J3O5Ynk/YdP57U34SBS+GU,time_shift,eu-west-1,eu-west-1,success,SUST-8ABA20,https://github.com/example/repo/pull/8aba,2026-04-30 11:56:51.063027,"AWS On-Demand Pricing snapshot 2025-01-15 (m5.large / g4dn.xlarge Linux, public pricing pages)"
4f4535eb,d588155c,az-BsDdOD8kf31obDEyI2puGv4Yt1tRXLLuuANWw2kajKDy7qVHfNvDQ0O2kKKG91hi,time_shift,eu-west-1,eu-west-1,success,SUST-D58815,https://github.com/example/repo/pull/d588,2026-04-30 11:56:51.063110,"AWS On-Demand Pricing snapshot 2025-01-15 (m5.large / g4dn.xlarge Linux, public pricing pages)"
de838841,1a140612,az-hHjOSQe4vZ+fJ3xheCf3ibJZqTJ3nORiOU+KMEcuJJNWqTTO9dTqzzTTY51dB62R,time_shift,eu-west-1,eu-west-1,success,SUST-1A1406,https://github.com/example/repo/pull/1a14,2026-04-30 11:56:51.063198,"AWS On-Demand Pricing snapshot 2025-01-15 (m5.large / g4dn.xlarge Linux, public pricing pages)"
52480ef5,577959e5,az-uGXa9PJ2VOgQ5AG3g7fyOHt+eiyMSa8E/DjypuftkvKWpFZSLklsomGGafR2gD/N,region_shift,us-east-1,us-west-2,success,SUST-577959,https://github.com/example/repo/pull/5779,2026-04-30 11:56:51.063332,"AWS On-Demand Pricing snapshot 2025-01-15 (m5.large / g4dn.xlarge Linux, public pricing pages)"
821a0a08,5454c1ae,az-cEAUwxVKC7HFTddTQpHpThaFa5I6HpJW+hoFxPzgz36ckXtRCugct0G2qrKbjm1q,time_shift,us-west-2,us-west-2,success,SUST-5454C1,https://github.com/example/repo/pull/5454,2026-04-30 11:56:51.063432,"AWS On-Demand Pricing snapshot 2025-01-15 (m5.large / g4dn.xlarge Linux, public pricing pages)"
caede7b0,14c4c1c8,az-30NxXE5fewkatQw9nJzh5l15syKbSUOrQgaEYuzkFe4269wE5d0ikUoUj8Ma5Yae,region_shift,us-east-1,us-west-2,success,SUST-14C4C1,https://github.com/example/repo/pull/14c4,2026-04-30 11:56:51.063517,"AWS On-Demand Pricing snapshot 2025-01-15 (m5.large / g4dn.xlarge Linux, public pricing pages)"
ef05963a,a424363c,az-ew4o0n5yeeOELVBdjGXTCLNti+8igov8sJehoqYN2d7G8XzaZ6UVFHmy5d1Pqm0J,time_shift,eu-west-1,eu-west-1,success,SUST-A42436,https://github.com/example/repo/pull/a424,2026-04-30 11:56:51.063602,"AWS On-Demand Pricing snapshot 2025-01-15 (m5.large / g4dn.xlarge Linux, public pricing pages)"
16f0f1a4,d8cc643a,az-7JMYyPjZ3dJQTGAXVKtLD3m4wfBWfhBSOgZYmxTULiqH1oXmkFh0mmJd3MM5bWIw,region_shift+time_shift,us-east-1,us-west-2,success,SUST-D8CC64,https://github.com/example/repo/pull/d8cc,2026-04-30 11:56:51.063687,"AWS On-Demand Pricing snapshot 2025-01-15 (m5.large / g4dn.xlarge Linux, public pricing pages)"
7af7bdc0,df32ee3f,az-Xu0svUH0tAmdF2qKn1iCS0pyK//QYHE7qrw9DvRlEJvt0NG48jTwnxQWuS8mdAVh,region_shift+time_shift,us-east-1,us-west-2,success,SUST-DF32EE,https://github.com/example/repo/pull/df32,2026-04-30 11:56:51.063767,"AWS On-Demand Pricing snapshot 2025-01-15 (m5.large / g4dn.xlarge Linux, public pricing pages)"
4df4e170,f1890ffa,az-JRVy7u9bAH2P1dt7mMIIecF7jdDvdSTIhX1bE5YjVc8Iw/hzeW9QWBPhnueUomNz,region_shift,eu-west-1,eu-north-1,success,SUST-F1890F,https://github.com/example/repo/pull/f189,2026-04-30 11:56:51.063863,"AWS On-Demand Pricing snapshot 2025-01-15 (m5.large / g4dn.xlarge Linux, public pricing pages)"
2dab857a,180b7c7f,az-XLOVOdpaFBPuTj6AAPkHOF+6NKmm/Hf5ortcjwNJmHGf03VJjOBVS3Gnfn5aXhBx,time_shift,us-west-2,us-west-2,success,SUST-180B7C,https://github.com/example/repo/pull/180b,2026-04-30 11:56:51.063962,"AWS On-Demand Pricing snapshot 2025-01-15 (m5.large / g4dn.xlarge Linux, public pricing pages)"
9323714a,cbf73730,az-0b8oI7amBZHQGpdVvaO4lmSsX8+lMay3CzNj4PTOZy64rlnXErVN9JU/w9O40Rgy,time_shift,us-west-2,us-west-2,success,SUST-CBF737,https://github.com/example/repo/pull/cbf7,2026-04-30 11:56:51.064064,"AWS On-Demand Pricing snapshot 2025-01-15 (m5.large / g4dn.xlarge Linux, public pricing pages)"
3796c15e,4c34789f,az-OR3C+htkSJpI3rD9BhFtQ7PcXmfewAz1K7Jis9NVXhAbwyK2v8Zil5Skz3iIQ4NK,time_shift,eu-west-1,eu-west-1,success,SUST-4C3478,https://github.com/example/repo/pull/4c34,2026-04-30 11:56:51.064150,"AWS On-Demand Pricing snapshot 2025-01-15 (m5.large / g4dn.xlarge Linux, public pricing pages)"
cba858f1,758c9b46,az-Fle8fF5UEp0+mdLCQMsW+8KD/1xZnk5ESv/hSiII2ORNdWf3xGrvyG6n9Z3VMtlO,time_shift,us-west-2,us-west-2,success,SUST-758C9B,https://github.com/example/repo/pull/758c,2026-04-30 11:56:51.064236,"AWS On-Demand Pricing snapshot 2025-01-15 (m5.large / g4dn.xlarge Linux, public pricing pages)"
f612384b,7086ef42,az-3jAiS0lWfa0hEtsqrk3L9Lqwyc2wslIVzmNgKlzH2CK7ckpGrxQxbnwdwxuV9tb8,time_shift,us-west-2,us-west-2,success,SUST-7086EF,https://github.com/example/repo/pull/7086,2026-04-30 11:56:51.064322,"AWS On-Demand Pricing snapshot 2025-01-15 (m5.large / g4dn.xlarge Linux, public pricing pages)"
b5a79e45,1d70f2ce,az-U3PD5eIhp1rVFbEdC231YJ6d91rgA3NW0QHLO5eIxcOUO5+0Zl6Bxoj+pTKADeTY,region_shift+time_shift,us-east-1,us-west-2,success,SUST-1D70F2,https://github.com/example/repo/pull/1d70,2026-04-30 11:56:51.064406,"AWS On-Demand Pricing snapshot 2025-01-15 (m5.large / g4dn.xlarge Linux, public pricing pages)"
c2a3935c,81519e30,az-5y98scB2Cg5IH8rRgLCe+rYRd3V+dq0RBZPeQAWLIaBPmYpf/GbYymLA9v/vnytX,region_shift,us-east-1,us-west-2,success,SUST-81519E,https://github.com/example/repo/pull/8151,2026-04-30 11:56:51.064487,"AWS On-Demand Pricing snapshot 2025-01-15 (m5.large / g4dn.xlarge Linux, public pricing pages)"
c1ccebf7,3d28e363,az-T5Zi+tEM1y06amq9AlnArQapSDA8JUHaRf++C5ts0ONX+6HZ3cI0yQ11V/WUlpct,region_shift+time_shift,us-east-1,us-west-2,success,SUST-3D28E3,https://github.com/example/repo/pull/3d28,2026-04-30 11:56:51.064582,"AWS On-Demand Pricing snapshot 2025-01-15 (m5.large / g4dn.xlarge Linux, public pricing pages)"
31d38687,1d49583e,az-bpFOjFqWfM6Y5bG9ksgA2ewSCarRVwf6vjyOLPhdAbBrlCM92jGrIj8fBS1lKU7u,time_shift,eu-west-1,eu-west-1,success,SUST-1D4958,https://github.com/example/repo/pull/1d49,2026-04-30 11:56:51.064668,"AWS On-Demand Pricing snapshot 2025-01-15 (m5.large / g4dn.xlarge Linux, public pricing pages)"
49c50a03,a5714001,az-NEPC7jCt6Y5jKra2EQmP0eQfepoboNrFW0s39cU/NCU2muSN2gzaEYtmoPNx6wBv,region_shift+time_shift,us-east-1,us-west-2,success,SUST-A57140,https://github.com/example/repo/pull/a571,2026-04-30 11:56:51.064751,"AWS On-Demand Pricing snapshot 2025-01-15 (m5.large / g4dn.xlarge Linux, public pricing pages)"
03653b60,333f37c8,az-gTc+W+RSKeQ85NiQvFA0j/OpqG1KhUeq1fnw3KWFyPPXNyEIltjJf9to5nR9IW2g,time_shift,eu-west-1,eu-west-1,success,SUST-333F37,https://github.com/example/repo/pull/333f,2026-04-30 11:56:51.064836,"AWS On-Demand Pricing snapshot 2025-01-15 (m5.large / g4dn.xlarge Linux, public pricing pages)"
809117b7,28ca53c0,az-ZIUySMsmni45qXZI6793P3/MeErXeSnirwiXfevkt6vct7UI+EDiHflg/Y9CIE+n,time_shift,us-east-1,us-east-1,success,SUST-28CA53,https://github.com/example/repo/pull/28ca,2026-04-30 11:56:51.064918,"AWS On-Demand Pricing snapshot 2025-01-15 (m5.large / g4dn.xlarge Linux, public pricing pages)"
6fbc1531,57edb828,az-VZgEyow8/bZltW43TwrgEbJ2K/KCk/Dav/v2QxsKRSdnYav3WV7vo7aenyZhosEP,time_shift,eu-west-1,eu-west-1,success,SUST-57EDB8,https://github.com/example/repo/pull/57ed,2026-04-30 11:56:51.065011,"AWS On-Demand Pricing snapshot 2025-01-15 (m5.large / g4dn.xlarge Linux, public pricing pages)"
063fe33d,de650aca,az-oC7gtJgPpYSKqWwUuD5flRZAjZhXpnt6Je6YOg9tuEgg91H7SId0SUIFw7L/NBD7,region_shift,us-east-1,us-west-2,success,SUST-DE650A,https://github.com/example/repo/pull/de65,2026-04-30 11:56:51.065091,"AWS On-Demand Pricing snapshot 2025-01-15 (m5.large / g4dn.xlarge Linux, public pricing pages)"
44c18221,499545bb,az-QAXccT9vVbIhgia4rvBnuPGFH7ZOJV9WHvE1YGY5G/bsAtxZoxS6x92vyCFu1wAy,time_shift,eu-west-1,eu-west-1,success,SUST-499545,https://github.com/example/repo/pull/4995,2026-04-30 11:56:51.065176,"AWS On-Demand Pricing snapshot 2025-01-15 (m5.large / g4dn.xlarge Linux, public pricing pages)"
6d546760,485b6d97,az-wbQ/uLzVE78gofylGUbfZpC6BuS04My6V9iLaq5kIjWmiH35xXYlJRGpv+chZEDq,region_shift,us-east-1,us-west-2,success,SUST-485B6D,https://github.com/example/repo/pull/485b,2026-04-30 11:56:51.065257,"AWS On-Demand Pricing snapshot 2025-01-15 (m5.large / g4dn.xlarge Linux, public pricing pages)"
4d4ea648,1f3e9956,az-IiA8J2D12TKM4UuG+09VoLebSxQO/z6yW2aM3jKD3pt4tvEX9+9HieArFVvv6Vnr,time_shift,eu-west-1,eu-west-1,success,SUST-1F3E99,https://github.com/example/repo/pull/1f3e,2026-04-30 11:56:51.065340,"AWS On-Demand Pricing snapshot 2025-01-15 (m5.large / g4dn.xlarge Linux, public pricing pages)"
be6f580d,1edde273,az-TH9HW1b79aNVm7H4qY9QnEnlRaBb+1VSELd0a8Lr6y7V3cJ2JduxVWCbx2XlPur7,time_shift,us-west-2,us-west-2,success,SUST-1EDDE2,https://github.com/example/repo/pull/1edd,2026-04-30 11:56:51.065423,"AWS On-Demand Pricing snapshot 2025-01-15 (m5.large / g4dn.xlarge Linux, public pricing pages)"
c67f0e98,44a6089b,az-eFbmvDlHv1wL+UtgKIvCr2QvRM/D+Q4XK0OoCBqsUHXSxifUplcj7AKjjP5j9/L4,time_shift,us-west-2,us-west-2,success,SUST-44A608,https://github.com/example/repo/pull/44a6,2026-04-30 11:56:51.065509,"AWS On-Demand Pricing snapshot 2025-01-15 (m5.large / g4dn.xlarge Linux, public pricing pages)"
e495e4fa,d1ed3a0a,az-DsfeF1OnM9Nyl1kihMJ/MoREfCFEayB9242LJh+Qmjv4EKLnprDhTnCSjHEIgo/C,region_shift+time_shift,us-east-1,us-west-2,success,SUST-D1ED3A,https://github.com/example/repo/pull/d1ed,2026-04-30 11:56:51.065596,"AWS On-Demand Pricing snapshot 2025-01-15 (m5.large / g4dn.xlarge Linux, public pricing pages)"
b6eb7d73,ba3ed6fc,az-LZIdQUZwwF7MzdTU1ehXLZjVMXkSvE6CxqErc+teUBr0rWSYn3qJ0hE0qkfXXvWa,time_shift,us-west-2,us-west-2,success,SUST-BA3ED6,https://github.com/example/repo/pull/ba3e,2026-04-30 11:56:51.065683,"AWS On-Demand Pricing snapshot 2025-01-15 (m5.large / g4dn.xlarge Linux, public pricing pages)"
b135d955,4042d138,az-9mjtXQnJDoNKyjEeJfgZHdcFkWFno45HHnsRW1e+wflrudp4v4yRkI3vjOVYBMes,time_shift,eu-west-1,eu-west-1,success,SUST-4042D1,https://github.com/example/repo/pull/4042,2026-04-30 11:56:51.065768,"AWS On-Demand Pricing snapshot 2025-01-15 (m5.large / g4dn.xlarge Linux, public pricing pages)"
14ba5be8,baeee9a5,az-XmjRW1djRbf8vDH7eWr6ddqkfVrCY8+oMYJPjOkBMEKWH0sPxkADHpwGC6ZuNw9G,region_shift,ap-south-1,us-west-2,success,SUST-BAEEE9,https://github.com/example/repo/pull/baee,2026-04-30 11:56:51.065847,"AWS On-Demand Pricing snapshot 2025-01-15 (m5.large / g4dn.xlarge Linux, public pricing pages)"
31305c51,5d3da3e8,az-7QGIeSEF87YsJDcolMNF/t8mWIfsTEWJpeX99FDwfpHIhkyPJfX8yq+u28qZnuXD,time_shift,eu-west-1,eu-west-1,success,SUST-5D3DA3,https://github.com/example/repo/pull/5d3d,2026-04-30 11:56:51.065929,"AWS On-Demand Pricing snapshot 2025-01-15 (m5.large / g4dn.xlarge Linux, public pricing pages)"
cb19ae04,e9c26f30,az-WP8m9SHs3Pk0LCfE8CNHP1CtKvyMPXUVu+YfNZvAmeETCIgXKDtGK+WISYiP6z3h,region_shift+time_shift,us-east-1,us-west-2,success,SUST-E9C26F,https://github.com/example/repo/pull/e9c2,2026-04-30 11:56:51.066012,"AWS On-Demand Pricing snapshot 2025-01-15 (m5.large / g4dn.xlarge Linux, public pricing pages)"
f84da3d5,4903179a,az-EGF5vyAV3zdUGLgMbnUr6LFP7/X/hJ3AJZt8c1EQBTAkw3gxe6sMvjRtd6d47tJ1,time_shift,us-west-2,us-west-2,success,SUST-490317,https://github.com/example/repo/pull/4903,2026-04-30 11:56:51.066095,"AWS On-Demand Pricing snapshot 2025-01-15 (m5.large / g4dn.xlarge Linux, public pricing pages)"
89b0816c,c3c127c4,az-eFORjRq2cZ9RsS2/HjLpO/7DTLyMXqstVSqMTX9aPLeQhb6J26Jm27jbu3WtVKzn,time_shift,eu-west-1,eu-west-1,success,SUST-C3C127,https://github.com/example/repo/pull/c3c1,2026-04-30 11:56:51.066177,"AWS On-Demand Pricing snapshot 2025-01-15 (m5.large / g4dn.xlarge Linux, public pricing pages)"
bdc92d11,863161ef,az-Kl9MMGMCvyaiFxnzzaMmn1KIEk9WVkkS0fDj0+tlBBMyx42XDpc6s+S7rJSEhDel,time_shift,us-west-2,us-west-2,success,SUST-863161,https://github.com/example/repo/pull/8631,2026-04-30 11:56:51.066259,"AWS On-Demand Pricing snapshot 2025-01-15 (m5.large / g4dn.xlarge Linux, public pricing pages)"
09c878b6,12808c46,az-q1uGwMeYCm+ZNcxGZciucnbQu0cRz0WkEF5QirAjn7fwc5aLpbW4yPIzFuEuFlOM,time_shift,eu-west-1,eu-west-1,success,SUST-12808C,https://github.com/example/repo/pull/1280,2026-04-30 11:56:51.066342,"AWS On-Demand Pricing snapshot 2025-01-15 (m5.large / g4dn.xlarge Linux, public pricing pages)"
9446600b,3de39f8e,az-Xg5yzpEluU7uvqui6QxgnZSoL5zzt8ahBWez/40Z81fDZYCIxhSJCJpzFWN3x/dS,time_shift,eu-west-1,eu-west-1,success,SUST-3DE39F,https://github.com/example/repo/pull/3de3,2026-04-30 11:56:51.066423,"AWS On-Demand Pricing snapshot 2025-01-15 (m5.large / g4dn.xlarge Linux, public pricing pages)"
decad8ab,f323690f,az-bCzAGv3XfMjpshQHT9PK9TV88eBNc1skBjivPMQ7usXgpcpPhm8q/OIroQSitb01,region_shift+time_shift,us-east-1,us-west-2,success,SUST-F32369,https://github.com/example/repo/pull/f323,2026-04-30 11:56:51.066509,"AWS On-Demand Pricing snapshot 2025-01-15 (m5.large / g4dn.xlarge Linux, public pricing pages)"
2ce50b90,c69f5942,az-TGj9UBJd+obe4TRTsnJqFXtmYbGK6Y2emobRS8t04B/YdPVfRHIIwfK+G+GfCOH4,region_shift+time_shift,ap-south-1,us-west-2,success,SUST-C69F59,https://github.com/example/repo/pull/c69f,2026-04-30 11:56:51.066592,"AWS On-Demand Pricing snapshot 2025-01-15 (m5.large / g4dn.xlarge Linux, public pricing pages)"
f257d79f,5afae2aa,az-+toSrSeKruYjYTBF83SmOo9fWnnKXkLLBJIln9VEPQr/g8EimBFc1FNooZHSbHfg,time_shift,us-west-2,us-west-2,success,SUST-5AFAE2,https://github.com/example/repo/pull/5afa,2026-04-30 11:56:51.066663,"AWS On-Demand Pricing snapshot 2025-01-15 (m5.large / g4dn.xlarge Linux, public pricing pages)"
de10de99,8beb41d4,az-usa3Wh8LdMIWsSILDzNoBMHqwE5MFOw3yu3+h2zwL10w3fo91O8V7yf2lh2HicbZ,time_shift,eu-west-1,eu-west-1,success,SUST-8BEB41,https://github.com/example/repo/pull/8beb,2026-04-30 11:56:51.066733,"AWS On-Demand Pricing snapshot 2025-01-15 (m5.large / g4dn.xlarge Linux, public pricing pages)"
ab079464,89ccf505,az-E/cenP+QZw1TxbSD84fCTvS5oG6il3DJ4zalJsuEgeGPKKpKQCOZ0vfxG4RZJw+F,time_shift,us-west-2,us-west-2,success,SUST-89CCF5,https://github.com/example/repo/pull/89cc,2026-04-30 11:56:51.066813,"AWS On-Demand Pricing snapshot 2025-01-15 (m5.large / g4dn.xlarge Linux, public pricing pages)"
1dc6e151,0911e616,az-cp66cm0teDruDdpnV5MRl5xmGcfeEUjwZD0PUX2MvtGEi3Kzh9mn3vl8ibMCO0I4,time_shift,eu-west-1,eu-west-1,success,SUST-0911E6,https://github.com/example/repo/pull/0911,2026-04-30 11:56:51.066994,"AWS On-Demand Pricing snapshot 2025-01-15 (m5.large / g4dn.xlarge Linux, public pricing pages)"
32e49151,56c647b9,az-FnQmDJXuIhz+hJkyL9gEltbW8v7AK+hpOEYlPuXIzJMIM28K7kwS7/NP+2oACtWn,time_shift,eu-west-1,eu-west-1,success,SUST-56C647,https://github.com/example/repo/pull/56c6,2026-04-30 11:56:51.067087,"AWS On-Demand Pricing snapshot 2025-01-15 (m5.large / g4dn.xlarge Linux, public pricing pages)"
1fb42831,f8ae15ee,az-41GCpVulXUtyt0m+5oJPBgRcdGJlg5ZOBipZpGt+DVr4d55ZAZMIH3CZuuSt3H+g,region_shift+time_shift,us-east-1,us-west-2,success,SUST-F8AE15,https://github.com/example/repo/pull/f8ae,2026-04-30 11:56:51.067180,"AWS On-Demand Pricing snapshot 2025-01-15 (m5.large / g4dn.xlarge Linux, public pricing pages)"
41a259ba,9e7453d0,az-eE+YKq6Oxj9+kMFFUY1GNFfGLXcZx7ey1tghwr7WelSuII4wzbA3ncZhVLAQkDoK,time_shift,eu-west-1,eu-west-1,success,SUST-9E7453,https://github.com/example/repo/pull/9e74,2026-04-30 11:56:51.067269,"AWS On-Demand Pricing snapshot 2025-01-15 (m5.large / g4dn.xlarge Linux, public pricing pages)"
270524d6,443ffa3b,az-koKcxm6Ju8s7Qx1CL2FtdJH1s9uXc8hdl4lSnvRzF/8PH1dcXrWq+tHQI1TD7XqC,time_shift,eu-west-1,eu-west-1,success,SUST-443FFA,https://github.com/example/repo/pull/443f,2026-04-30 11:56:51.067362,"AWS On-Demand Pricing snapshot 2025-01-15 (m5.large / g4dn.xlarge Linux, public pricing pages)"
61e9216e,d6003451,az-EQ3x4aNnnQpBK7lCXMFtZ4syFaKoFMlnKZLnWP0kixrMtniYoRKhqMKBwF7AEG5j,time_shift,eu-west-1,eu-west-1,success,SUST-D60034,https://github.com/example/repo/pull/d600,2026-04-30 11:56:51.067455,"AWS On-Demand Pricing snapshot 2025-01-15 (m5.large / g4dn.xlarge Linux, public pricing pages)"
a46bd9e0,83da6ff2,az-p8yeYO+X0u0GCa1igrii1Z2vDEQsYX7TG+5RMEZZaAzOyuVaFDS7rY3IsMBPvuHw,time_shift,us-west-2,us-west-2,success,SUST-83DA6F,https://github.com/example/repo/pull/83da,2026-04-30 11:56:51.067546,"AWS On-Demand Pricing snapshot 2025-01-15 (m5.large / g4dn.xlarge Linux, public pricing pages)"
df73ea9b,1afb78a8,az-eoN9NV+5DWYWYuwNc99fQUbne9rb41EPEEjWfhwRmRpN/ZhKAVApDlnfXyWOatxC,time_shift,eu-west-1,eu-west-1,success,SUST-1AFB78,https://github.com/example/repo/pull/1afb,2026-04-30 11:56:51.067656,"AWS On-Demand Pricing snapshot 2025-01-15 (m5.large / g4dn.xlarge Linux, public pricing pages)"
3968a8f2,32ea51ec,az-LLt4BQVfcmc025qKSPbprSR7UvvFIfaBV6A2jeN5LFDxJcRZ/+RhK/TW/wE81IdL,time_shift,eu-west-1,eu-west-1,success,SUST-32EA51,https://github.com/example/repo/pull/32ea,2026-04-30 11:56:51.067755,"AWS On-Demand Pricing snapshot 2025-01-15 (m5.large / g4dn.xlarge Linux, public pricing pages)"
6de7fc6f,043d0860,az-OkEDRNfyrVJsMEDOTxHsRj2En11aIh1PS40HXeV+C5utv/vjwfznqKnquj67PgOO,time_shift,eu-west-1,eu-west-1,success,SUST-043D08,https://github.com/example/repo/pull/043d,2026-04-30 11:56:51.068537,"AWS On-Demand Pricing snapshot 2025-01-15 (m5.large / g4dn.xlarge Linux, public pricing pages)"
f70240ea,33c52692,az-BV+HXSixAaOnJC/7+CZo5giPTBRxT26qiGZhv9JDDR9inlnGWOlSDf2AUGMB5wtV,region_shift+time_shift,eu-west-1,eu-north-1,success,SUST-33C526,https://github.com/example/repo/pull/33c5,2026-04-30 11:56:51.068674,"AWS On-Demand Pricing snapshot 2025-01-15 (m5.large / g4dn.xlarge Linux, public pricing pages)"
3a1c6fdc,c9ad6ea7,az-bBqYzkX6FcAnTluS9TqFdVHycnAwm+3SvaZvWWMNstEDYjsBm94sDG7gifrnP+8+,time_shift,us-west-2,us-west-2,success,SUST-C9AD6E,https://github.com/example/repo/pull/c9ad,2026-04-30 11:56:51.068770,"AWS On-Demand Pricing snapshot 2025-01-15 (m5.large / g4dn.xlarge Linux, public pricing pages)"
4c56a164,143fb468,az-P/R9NZxjPHGPM5bchty1/XzcQmz4Xfr16sAdXnWQ1p5BYPB1i+GTXVCt12p/i+Af,time_shift,eu-west-1,eu-west-1,success,SUST-143FB4,https://github.com/example/repo/pull/143f,2026-04-30 11:56:51.068870,"AWS On-Demand Pricing snapshot 2025-01-15 (m5.large / g4dn.xlarge Linux, public pricing pages)"
4e98772e,0c26ea6e,az-PAvGJS3Syde9rRWGB1dCCWAkqcTrb8Dmhc8d3bNxb9QT0V1i5y/vFaez8yHjiC0g,time_shift,us-east-1,us-east-1,success,SUST-0C26EA,https://github.com/example/repo/pull/0c26,2026-04-30 11:56:51.068964,"AWS On-Demand Pricing snapshot 2025-01-15 (m5.large / g4dn.xlarge Linux, public pricing pages)"
c751df60,fa42c3a3,az-8ohyPwNstyxopQ6o3VB7gl3LyzpLS8dvh8ROuiJjOyLPklpvns0U2PeoSg3s9uru,time_shift,eu-west-1,eu-west-1,success,SUST-FA42C3,https://github.com/example/repo/pull/fa42,2026-04-30 11:56:51.069057,"AWS On-Demand Pricing snapshot 2025-01-15 (m5.large / g4dn.xlarge Linux, public pricing pages)"
fd81d00e,1e4120ef,az-8nwuVPxTRhXYvDuSJ6v6BXo14iUzYlkDusE0AFMLLhhAR6XaMFgnn/HOyKDL6Tn3,time_shift,eu-west-1,eu-west-1,success,SUST-1E4120,https://github.com/example/repo/pull/1e41,2026-04-30 11:56:51.069153,"AWS On-Demand Pricing snapshot 2025-01-15 (m5.large / g4dn.xlarge Linux, public pricing pages)"
fff2c9af,83cf0e06,az-bLbeFbj0p+EAJOK1PxQ57WM6A6DXu01wHmgMn5kS7hGVZ9aEZv7jEiSu50UtK6fv,region_shift,us-east-1,us-west-2,success,SUST-83CF0E,https://github.com/example/repo/pull/83cf,2026-04-30 11:56:51.069244,"AWS On-Demand Pricing snapshot 2025-01-15 (m5.large / g4dn.xlarge Linux, public pricing pages)"
7ff777e0,829515ae,az-+y9PsZPka5LaVs568yD9t8cUwSRHChPFX7GO1ksENbUdeW3u8cTQ5J4ZsM6aupn2,region_shift+time_shift,us-east-1,us-west-2,success,SUST-829515,https://github.com/example/repo/pull/8295,2026-04-30 11:56:51.069357,"AWS On-Demand Pricing snapshot 2025-01-15 (m5.large / g4dn.xlarge Linux, public pricing pages)"
bf5435c6,c8e5ddbe,az-wOj9F2OexbvGm8Jgi8BVCuJsY7oKzzCeLj1k5tjkba/gCs5MrhTfCZTRUXA+vjs3,region_shift,us-east-1,us-west-2,success,SUST-C8E5DD,https://github.com/example/repo/pull/c8e5,2026-04-30 11:56:51.069441,"AWS On-Demand Pricing snapshot 2025-01-15 (m5.large / g4dn.xlarge Linux, public pricing pages)"
fa15fbe1,02e430f1,az-0a++N/sWVWr00YiZeEoP4DSvI3S3c7uiqhCVmYB9FJDEVlRIW/SNTTCHktMYREK3,time_shift,eu-west-1,eu-west-1,success,SUST-02E430,https://github.com/example/repo/pull/02e4,2026-04-30 11:56:51.069546,"AWS On-Demand Pricing snapshot 2025-01-15 (m5.large / g4dn.xlarge Linux, public pricing pages)"
9d0d826c,f87ec0b6,az-XkUIwp06u80LYYM2dUXtZOYB2hBWvDfRf5ocJSmEmmxKNqN/LOGZDnPC5NclmcXO,time_shift,eu-west-1,eu-west-1,success,SUST-F87EC0,https://github.com/example/repo/pull/f87e,2026-04-30 11:56:51.069636,"AWS On-Demand Pricing snapshot 2025-01-15 (m5.large / g4dn.xlarge Linux, public pricing pages)"
64b6de9b,876079e9,az-26dYqRI/I22KucPyo/WTF3Mpf1FNPpawKawlLjWz1JSU34mjWffi421DQe95HiJn,region_shift+time_shift,eu-west-1,eu-north-1,success,SUST-876079,https://github.com/example/repo/pull/8760,2026-04-30 11:56:51.069768,"AWS On-Demand Pricing snapshot 2025-01-15 (m5.large / g4dn.xlarge Linux, public pricing pages)"
35c8f30a,e8a3a00b,az-ODOdu2VcT6/rALD091F77Dkz6uzYo73VONdiL5EWsXwz1p4L0caq44P+g8W44z+d,time_shift,eu-west-1,eu-west-1,success,SUST-E8A3A0,https://github.com/example/repo/pull/e8a3,2026-04-30 11:56:51.069859,"AWS On-Demand Pricing snapshot 2025-01-15 (m5.large / g4dn.xlarge Linux, public pricing pages)"
96d4292b,9a59132b,az-JJjAacfPrySJzDAqaLQB0gzrh4JyAj3G6PnFhlUopSEF0WBYVI5KGwvfgkzhF7tC,region_shift+time_shift,eu-west-1,us-west-2,success,SUST-9A5913,https://github.com/example/repo/pull/9a59,2026-04-30 11:56:51.069949,"AWS On-Demand Pricing snapshot 2025-01-15 (m5.large / g4dn.xlarge Linux, public pricing pages)"
579bc987,c2683180,az-jrCZcBVIqpN5fqRPxI47MzbfgZYCZmyng+v5u5JIEZbJsXXduJLBTDLyfEX0vSRY,time_shift,eu-west-1,eu-west-1,success,SUST-C26831,https://github.com/example/repo/pull/c268,2026-04-30 11:56:51.070053,"AWS On-Demand Pricing snapshot 2025-01-15 (m5.large / g4dn.xlarge Linux, public pricing pages)"
6925a96f,e6edbff6,az-WQ5pC6ky9WK7ojOHMwnzqb8jJsHT39b8aJMoFQCQL6Qlm5gLrPBa7/6OAuuRzEYd,time_shift,us-west-2,us-west-2,success,SUST-E6EDBF,https://github.com/example/repo/pull/e6ed,2026-04-30 11:56:51.070136,"AWS On-Demand Pricing snapshot 2025-01-15 (m5.large / g4dn.xlarge Linux, public pricing pages)"
f698fd55,ae5aa597,az-V5gf05AGEaRTtkimuV2/Dg9KYN/tbKjTtJOvAfxEIu++Jy7IbiRp94MYaguEckLG,time_shift,eu-west-1,eu-west-1,success,SUST-AE5AA5,https://github.com/example/repo/pull/ae5a,2026-04-30 11:56:51.070217,"AWS On-Demand Pricing snapshot 2025-01-15 (m5.large / g4dn.xlarge Linux, public pricing pages)"
d27657f4,f8f5f717,az-Pbb+yIV10IkpDJwvdU51DswCqrBPymaGSQdFwB3p0aPSa6hQwEXOqOErmzd87AxT,region_shift+time_shift,us-east-1,us-west-2,success,SUST-F8F5F7,https://github.com/example/repo/pull/f8f5,2026-04-30 11:56:51.070300,"AWS On-Demand Pricing snapshot 2025-01-15 (m5.large / g4dn.xlarge Linux, public pricing pages)"
a05c28d1,559fd879,az-9asg90chtjWnK4es+65ciwsxFcWfr50ujvtUJJkBMe5o+3HeV5XeRxxc5vPOe1gS,time_shift,eu-west-1,eu-west-1,success,SUST-559FD8,https://github.com/example/repo/pull/559f,2026-04-30 11:56:51.070380,"AWS On-Demand Pricing snapshot 2025-01-15 (m5.large / g4dn.xlarge Linux, public pricing pages)"
defe689c,ce234e2d,az-zEOSqO4xNwxP81IppdJtcq1XBQFBkfknlfBNNHP+aWiLKYM7wkBWDy4I9iO15yV3,time_shift,us-west-2,us-west-2,success,SUST-CE234E,https://github.com/example/repo/pull/ce23,2026-04-30 11:56:51.070462,"AWS On-Demand Pricing snapshot 2025-01-15 (m5.large / g4dn.xlarge Linux, public pricing pages)"
1245a750,e529665c,az-yYz8fvrgDOQztJlBH0hyxoB3VeeM6XBpsr6YmthqYSJaO/1b0ZmFeqQTOcRp8zDu,time_shift,us-west-2,us-west-2,success,SUST-E52966,https://github.com/example/repo/pull/e529,2026-04-30 11:56:51.070544,"AWS On-Demand Pricing snapshot 2025-01-15 (m5.large / g4dn.xlarge Linux, public pricing pages)"
8407cc13,695d06c0,az-9O/Yfz8h1b9im19U57oJcIn9Jt8y6JWjSKbcNyqvWn5ff6Mtz2Jt7vTibn15YCzT,time_shift,us-west-2,us-west-2,success,SUST-695D06,https://github.com/example/repo/pull/695d,2026-04-30 11:56:51.070645,"AWS On-Demand Pricing snapshot 2025-01-15 (m5.large / g4dn.xlarge Linux, public pricing pages)"
5359d026,eccf719d,az-oT8z734a9UdxU6zpDJUKz1OZ7dlbbokBFqGk3HDrcgKiZOg5LuQ5g2xI/4qWrdxM,time_shift,eu-west-1,eu-west-1,success,SUST-ECCF71,https://github.com/example/repo/pull/eccf,2026-04-30 11:56:51.070728,"AWS On-Demand Pricing snapshot 2025-01-15 (m5.large / g4dn.xlarge Linux, public pricing pages)"
7042df9f,b721c980,az-upaUn3Y/j6aYze+Y4JLyhtZJUFA8PE7hbk80BHWBxgXbBztcqSJqqpBQSQeA7lnZ,time_shift,eu-west-1,eu-west-1,success,SUST-B721C9,https://github.com/example/repo/pull/b721,2026-04-30 11:56:51.072205,"AWS On-Demand Pricing snapshot 2025-01-15 (m5.large / g4dn.xlarge Linux, public pricing pages)"
b60fafe9,1b8c01b1,az-shQa2kNK1zXhm6cp20hEM+HXD00HeVqmm61W0ZdzwayRjy9rezjfb01YH7LKCgha,region_shift+time_shift,us-east-1,us-west-2,success,SUST-1B8C01,https://github.com/example/repo/pull/1b8c,2026-04-30 11:56:51.072389,"AWS On-Demand Pricing snapshot 2025-01-15 (m5.large / g4dn.xlarge Linux, public pricing pages)"
1ddc0735,a316cc10,az-BESBQb3QJCHy1LvDoVXj0lxToUvR/hXq6bOfsUCNh+d1U/fVEtObqY0NrFi7j5LR,time_shift,eu-west-1,eu-west-1,success,SUST-A316CC,https://github.com/example/repo/pull/a316,2026-04-30 11:56:51.072817,"AWS On-Demand Pricing snapshot 2025-01-15 (m5.large / g4dn.xlarge Linux, public pricing pages)"
74e0a071,22e5968a,az-U4yXCOPRc5sgW0j5HqhXUvm5SPuaeFGmBfmohx92ClPGZS4P6yb7BmqyNJFWPtTd,time_shift,eu-west-1,eu-west-1,success,SUST-22E596,https://github.com/example/repo/pull/22e5,2026-04-30 11:56:51.073082,"AWS On-Demand Pricing snapshot 2025-01-15 (m5.large / g4dn.xlarge Linux, public pricing pages)"
f2eafc1c,223e1b32,az-FJyatgAFsPkkax7gIQIcQ9ziJD44DrBvPPTJyP10gZT+SEFmtadCXQdV4Idst9kj,region_shift+time_shift,us-east-1,us-west-2,success,SUST-223E1B,https://github.com/example/repo/pull/223e,2026-04-30 11:56:51.079459,"AWS On-Demand Pricing snapshot 2025-01-15 (m5.large / g4dn.xlarge Linux, public pricing pages)"
427e9fa7,5ed17723,az-GYJKkdOkx44jdQ1Jm8eTPRKl2V0TrY1w92/yldOnvgWh8TFfQqv9EsJKlzJohlpD,region_shift+time_shift,us-east-1,us-west-2,success,SUST-5ED177,https://github.com/example/repo/pull/5ed1,2026-04-30 11:56:51.079610,"AWS On-Demand Pricing snapshot 2025-01-15 (m5.large / g4dn.xlarge Linux, public pricing pages)"
35b19bc4,df70fe8a,az-8C4U+UoVrFviYu99Lc3/NTgwppPuhp+Yi4pFXg+10TYWrXlylZGJ0YC1tPP1biyR,region_shift,us-east-1,us-west-2,success,SUST-DF70FE,https://github.com/example/repo/pull/df70,2026-04-30 11:56:51.079708,"AWS On-Demand Pricing snapshot 2025-01-15 (m5.large / g4dn.xlarge Linux, public pricing pages)"
e7f93da6,8a99b29e,az-qMZD8Qxfa0rqNy1nCth4B2yyL9HxAoZZigNodKMhIQZ84p+ATk+950r+pfUWZWQp,time_shift,eu-west-1,eu-west-1,success,SUST-8A99B2,https://github.com/example/repo/pull/8a99,2026-04-30 11:56:51.079803,"AWS On-Demand Pricing snapshot 2025-01-15 (m5.large / g4dn.xlarge Linux, public pricing pages)"
56c09d8c,a5a0584c,az-YKNuEkPxeYauWF4BS7d/wYRjtnS8e54wcGI4BLjHilBAVg7rFXGuMVPQ7/oq9PaV,region_shift+time_shift,us-east-1,us-west-2,success,SUST-A5A058,https://github.com/example/repo/pull/a5a0,2026-04-30 11:56:51.079917,"AWS On-Demand Pricing snapshot 2025-01-15 (m5.large / g4dn.xlarge Linux, public pricing pages)"
bd5e6fed,a69eb81c,az-fNhevNIcy5qCyQdC/TjsSYiCTRjfL07gRQ1eiAHVHleqqNoDqaL/Z/yfH1NQIfsO,region_shift+time_shift,eu-west-1,us-west-2,success,SUST-A69EB8,https://github.com/example/repo/pull/a69e,2026-04-30 11:56:51.080015,"AWS On-Demand Pricing snapshot 2025-01-15 (m5.large / g4dn.xlarge Linux, public pricing pages)"
b59fded2,d804b14a,az-Zs7wtTAZ/V15F+6XxbM/G8D0MiVdggN1lAojw5wlRyyyM7I5haRCu0ILNvN1ufMM,time_shift,us-west-2,us-west-2,success,SUST-D804B1,https://github.com/example/repo/pull/d804,2026-04-30 11:56:51.080109,"AWS On-Demand Pricing snapshot 2025-01-15 (m5.large / g4dn.xlarge Linux, public pricing pages)"
061d76c1,1f974726,az-vS6qUnaH9vGUFBE0VJ9mcDj5SnzrMRAPmQe6BthwMUNf9wgNvCgxUcIf1lK1yFfK,time_shift,eu-west-1,eu-west-1,success,SUST-1F9747,https://github.com/example/repo/pull/1f97,2026-04-30 11:56:51.080205,"AWS On-Demand Pricing snapshot 2025-01-15 (m5.large / g4dn.xlarge Linux, public pricing pages)"
2ab88287,d7d8fc57,az-SHdO1a9eLeKddpKaWFOm2v9chUeP6BaLSIMLZ2Ccamn7kLdBkhR2q4aKwq9xbIoR,time_shift,us-west-2,us-west-2,success,SUST-D7D8FC,https://github.com/example/repo/pull/d7d8,2026-04-30 11:56:51.080300,"AWS On-Demand Pricing snapshot 2025-01-15 (m5.large / g4dn.xlarge Linux, public pricing pages)"
b05e4bff,b23ef136,az-lzBiTCTfCeWhErZAq+HdHq/YMKkrlelUfuYNE4dQkpakvSqAMYElMb3bWkWIpOfH,time_shift,eu-west-1,eu-west-1,success,SUST-B23EF1,https://github.com/example/repo/pull/b23e,2026-04-30 11:56:51.080392,"AWS On-Demand Pricing snapshot 2025-01-15 (m5.large / g4dn.xlarge Linux, public pricing pages)"
de4a6b7d,cfaa6680,az-aRZ2mhzs9dPPuQH7YSCHOCfBKS0zwwhF4/xoyyKQ9k1GB3RuLmuW40d3gsfti1hn,time_shift,eu-west-1,eu-west-1,success,SUST-CFAA66,https://github.com/example/repo/pull/cfaa,2026-04-30 11:56:51.080483,"AWS On-Demand Pricing snapshot 2025-01-15 (m5.large / g4dn.xlarge Linux, public pricing pages)"
07b8f116,c6c1291e,az-2cpSY7rejGwToaUjOiFsmrL4H1kJw86Lug55NdfCjB1dhowRbEBtUpiDD4jnTefu,region_shift,eu-west-1,eu-north-1,success,SUST-C6C129,https://github.com/example/repo/pull/c6c1,2026-04-30 11:56:51.080587,"AWS On-Demand Pricing snapshot 2025-01-15 (m5.large / g4dn.xlarge Linux, public pricing pages)"
a523248f,d93619cd,az-LvLg03i0AD7BQTBUlWnhNxBWOB4K8L/MaLxuqlm8EbRvO9h+fs5W4hrJsXdEQkxY,time_shift,eu-west-1,eu-west-1,success,SUST-D93619,https://github.com/example/repo/pull/d936,2026-04-30 11:56:51.080681,"AWS On-Demand Pricing snapshot 2025-01-15 (m5.large / g4dn.xlarge Linux, public pricing pages)"
082c7ff3,09311a58,az-m04mQSDEZAWgyN9ryNnAyIwL2piVMM0t1Cj7xxHey/jTslqPBlfBAaOCDwmzBXHg,region_shift,us-east-1,us-west-2,success,SUST-09311A,https://github.com/example/repo/pull/0931,2026-04-30 11:56:51.080791,"AWS On-Demand Pricing snapshot 2025-01-15 (m5.large / g4dn.xlarge Linux, public pricing pages)"
b9460e67,5ae84ca0,az-KI8rEo2z0L5pTgwSW/xnv4X1RrRvf3YaRjdfs+VB6Ei/zdVJnMLgTA48LQVkZ74h,time_shift,eu-west-1,eu-west-1,success,SUST-5AE84C,https://github.com/example/repo/pull/5ae8,2026-04-30 11:56:51.080946,"AWS On-Demand Pricing snapshot 2025-01-15 (m5.large / g4dn.xlarge Linux, public pricing pages)"
98945973,30f90a91,az-CLBC69j96rbjWDY93Psk9amN0SfCBOFzEXALgOTT6RyqAmLaJ+HXk1KqiCUpTOHp,time_shift,eu-west-1,eu-west-1,success,SUST-30F90A,https://github.com/example/repo/pull/30f9,2026-04-30 11:56:51.081047,"AWS On-Demand Pricing snapshot 2025-01-15 (m5.large / g4dn.xlarge Linux, public pricing pages)"
fcda59d6,2ac168a8,az-glw55JNjYD1Sl+C3qWFeHbZ22+W+jWmN50vf3E7snIbBb6+kHAqL9NndvA4Vb0vk,region_shift,us-east-1,us-west-2,success,SUST-2AC168,https://github.com/example/repo/pull/2ac1,2026-04-30 11:56:51.081133,"AWS On-Demand Pricing snapshot 2025-01-15 (m5.large / g4dn.xlarge Linux, public pricing pages)"
ba368722,ea9684fb,az-FDtOmjbvkO19aI1lP6nhABI1+AUdYKw1Gb1eaDmHsP2IFLmewYexv2l/ZnfgAOoi,region_shift,us-east-1,us-west-2,success,SUST-EA9684,https://github.com/example/repo/pull/ea96,2026-04-30 11:56:51.081230,"AWS On-Demand Pricing snapshot 2025-01-15 (m5.large / g4dn.xlarge Linux, public pricing pages)"
dc0b9c46,8adc624c,az-ueEeex//9hlLVsxYOhQPRZuUROWphZb4QALhPWf3t/OoHNJnmZn7OiTeWn1f8zGn,region_shift+time_shift,us-east-1,us-west-2,success,SUST-8ADC62,https://github.com/example/repo/pull/8adc,2026-04-30 11:56:51.081328,"AWS On-Demand Pricing snapshot 2025-01-15 (m5.large / g4dn.xlarge Linux, public pricing pages)"
e2820e05,4b0f0077,az-7P9AiiJ/dtN+rZUN+ss4gvTEsw3fnhgP+27CJZyA5uQDX/W9GAiPhdyrKlMDg59i,region_shift+time_shift,us-east-1,us-west-2,success,SUST-4B0F00,https://github.com/example/repo/pull/4b0f,2026-04-30 11:56:51.081414,"AWS On-Demand Pricing snapshot 2025-01-15 (m5.large / g4dn.xlarge Linux, public pricing pages)"
c0602d9f,e3daaae2,az-CPyAsY43NIKLAsTz7WbWdSIR8QKy+cfg2158SDU3tFhnWN6mAKceuNyxOD0Nf3OU,time_shift,eu-west-1,eu-west-1,success,SUST-E3DAAA,https://github.com/example/repo/pull/e3da,2026-04-30 11:56:51.081497,"AWS On-Demand Pricing snapshot 2025-01-15 (m5.large / g4dn.xlarge Linux, public pricing pages)"
f91f8fe9,82917523,az-TOkd8g82K6i1hOcIrlyc7a4Y+AZJDADATkv5pauwUnXuIzYjeYvI2rLbgaP6E9G5,region_shift+time_shift,eu-west-1,eu-north-1,success,SUST-829175,https://github.com/example/repo/pull/8291,2026-04-30 11:56:51.081581,"AWS On-Demand Pricing snapshot 2025-01-15 (m5.large / g4dn.xlarge Linux, public pricing pages)"
1009302d,e5e9202d,az-3vwftBXTSuYise1QxErB4ItBASXgrc+EoeULyp/FnGpyJwJ/ANV/tDrYRDzMMtSW,region_shift+time_shift,us-east-1,us-west-2,success,SUST-E5E920,https://github.com/example/repo/pull/e5e9,2026-04-30 11:56:51.081665,"AWS On-Demand Pricing snapshot 2025-01-15 (m5.large / g4dn.xlarge Linux, public pricing pages)"
168a7678,a233809d,az-wxzw3YJj5Dbk5p1I9qyF9kbJjdia72tF6SpRUmcLxq3qPchRPVkQ5AmeHfzR5ZNz,time_shift,eu-west-1,eu-west-1,success,SUST-A23380,https://github.com/example/repo/pull/a233,2026-04-30 11:56:51.081748,"AWS On-Demand Pricing snapshot 2025-01-15 (m5.large / g4dn.xlarge Linux, public pricing pages)"
24b08ae9,be63e209,az-5Jo/fsdYSfE+igQrMpSwsrHAYqDA1uwPZXn8+JXelPaf45JRV4aU6N0T5Du4QrY5,time_shift,ap-south-1,ap-south-1,success,SUST-BE63E2,https://github.com/example/repo/pull/be63,2026-04-30 11:56:51.081830,"AWS On-Demand Pricing snapshot 2025-01-15 (m5.large / g4dn.xlarge Linux, public pricing pages)"
e0088331,7946bb6d,az-vBHzBXqCFwIWlRut4iVnEHGjXj4JLyZcXGNrgpAhq8WRbKeKyQykvMvPmS8mfLF4,time_shift,eu-west-1,eu-west-1,success,SUST-7946BB,https://github.com/example/repo/pull/7946,2026-04-30 11:56:51.081955,"AWS On-Demand Pricing snapshot 2025-01-15 (m5.large / g4dn.xlarge Linux, public pricing pages)"
eef2e156,4e89150c,az-Ir0mk9ZGhpk7lHwoYc2nRntkPX3kgyekK+aQzG9/L5sHphRzqNCNGvpNAuu7leUf,time_shift,us-west-2,us-west-2,success,SUST-4E8915,https://github.com/example/repo/pull/4e89,2026-04-30 11:56:51.082087,"AWS On-Demand Pricing snapshot 2025-01-15 (m5.large / g4dn.xlarge Linux, public pricing pages)"
10fd8b07,a75e4fef,az-/5X+XNhZtuXGbiWpShm5rWFA6FXUMgDVfVhHUX9GQ4gbtvyLkCTPTvZA3P97VFC3,time_shift,eu-west-1,eu-west-1,success,SUST-A75E4F,https://github.com/example/repo/pull/a75e,2026-04-30 11:56:51.082177,"AWS On-Demand Pricing snapshot 2025-01-15 (m5.large / g4dn.xlarge Linux, public pricing pages)"
080b167a,54ac819c,az-4i6Gk8hDlzwx2IW3zBXJJiT5svNXIzAFKgxA8ZpR7sdxztmzWm1mbolhqIURl2+3,time_shift,eu-west-1,eu-west-1,success,SUST-54AC81,https://github.com/example/repo/pull/54ac,2026-04-30 11:56:51.082300,"AWS On-Demand Pricing snapshot 2025-01-15 (m5.large / g4dn.xlarge Linux, public pricing pages)"
768530f5,f2b42d94,az-aA8UFJdRi3ApMWigDvG5fG7CB8J1PJgRx9i9RF/1AY5Ab7T1PmmcbjbLg1703Rfc,time_shift,eu-west-1,eu-west-1,success,SUST-F2B42D,https://github.com/example/repo/pull/f2b4,2026-04-30 11:56:51.082422,"AWS On-Demand Pricing snapshot 2025-01-15 (m5.large / g4dn.xlarge Linux, public pricing pages)"
9dd63675,a1afb718,az-HJ+8obQkp2qE7OnhMY0uJOk+d39k8BDqYkcDS2cGgH6rUioWm8oGhhAeJgxeLazT,region_shift+time_shift,us-east-1,us-west-2,success,SUST-A1AFB7,https://github.com/example/repo/pull/a1af,2026-04-30 11:56:51.082538,"AWS On-Demand Pricing snapshot 2025-01-15 (m5.large / g4dn.xlarge Linux, public pricing pages)"
96eac5c2,b4f31b16,az-SiaDtlUkCDVYgZYvq6M+Ck523sJEesHo+wbLQyh9M6GLjYG5w/ywkdlAqfcnlTbV,region_shift,us-east-1,us-west-2,success,SUST-B4F31B,https://github.com/example/repo/pull/b4f3,2026-04-30 11:56:51.082624,"AWS On-Demand Pricing snapshot 2025-01-15 (m5.large / g4dn.xlarge Linux, public pricing pages)"
28e225bd,41b5a199,az-5j4xVV6sHAmQR4llKjjikqKvbqDamr9YYw9fMUQoczNyBTRHm64CBevzW3ejDf0r,time_shift,eu-west-1,eu-west-1,success,SUST-41B5A1,https://github.com/example/repo/pull/41b5,2026-04-30 11:56:51.082713,"AWS On-Demand Pricing snapshot 2025-01-15 (m5.large / g4dn.xlarge Linux, public pricing pages)"
1dd6e26c,96a3ca52,az-BtdWUsvjNvkMSkhwtfuBJjQ+X8Z8yz/sbuPNMbeHJrDB7OoXyImSkb06agSYPZKW,time_shift,eu-west-1,eu-west-1,success,SUST-96A3CA,https://github.com/example/repo/pull/96a3,2026-04-30 11:56:51.082798,"AWS On-Demand Pricing snapshot 2025-01-15 (m5.large / g4dn.xlarge Linux, public pricing pages)"
54faf251,317d3fed,az-J2A77WhX7I9Ttagb6fcBRxr+tZxprE2HBX26bgZ0q+WIqaI4AKCFjgrnykGucukO,time_shift,eu-west-1,eu-west-1,success,SUST-317D3F,https://github.com/example/repo/pull/317d,2026-04-30 11:56:51.082886,"AWS On-Demand Pricing snapshot 2025-01-15 (m5.large / g4dn.xlarge Linux, public pricing pages)"
ee0ac9f3,29f18428,az-bCoG+hRXXqyWXi9i4HH9afzGDAPPZPXMK1O95TMS6h/Mh4zNsXs/+fTi/zjDmcSx,region_shift,eu-west-1,eu-north-1,success,SUST-29F184,https://github.com/example/repo/pull/29f1,2026-04-30 11:56:51.082967,"AWS On-Demand Pricing snapshot 2025-01-15 (m5.large / g4dn.xlarge Linux, public pricing pages)"
a235f2b7,956bb973,az-togLR5tMCA6Wcg5AvZ3ODwSpyyupXv/+2lAmEAyBGfBPSFNq4UuzwOnkgVf04tMu,time_shift,us-west-2,us-west-2,success,SUST-956BB9,https://github.com/example/repo/pull/956b,2026-04-30 11:56:51.083049,"AWS On-Demand Pricing snapshot 2025-01-15 (m5.large / g4dn.xlarge Linux, public pricing pages)"
4624efda,188f6030,az-lPtF0eyNzBgxdcFcm8qkv072eKAYAIxNWXiu668VtYOg5S2S2pJYpjMjbZuHhjWI,time_shift,eu-west-1,eu-west-1,success,SUST-188F60,https://github.com/example/repo/pull/188f,2026-04-30 11:56:51.083131,"AWS On-Demand Pricing snapshot 2025-01-15 (m5.large / g4dn.xlarge Linux, public pricing pages)"
e6edbaa2,1d6e4d70,az-j9ug8J4iS5tB3vV3VEZr334fxNunPF6rpLlvOsSlGrePpePNp6OsVtbQUfVeQ3Bh,region_shift,us-east-1,us-west-2,success,SUST-1D6E4D,https://github.com/example/repo/pull/1d6e,2026-04-30 11:56:51.083209,"AWS On-Demand Pricing snapshot 2025-01-15 (m5.large / g4dn.xlarge Linux, public pricing pages)"
72548902,d0bf7b46,az-y2gV4NkMAUJgKSqeRQzRowBxx9tUSUSz5g4fpRcH80jQhzzwueAMSFsPt6pE4KdC,time_shift,ap-south-1,ap-south-1,success,SUST-D0BF7B,https://github.com/example/repo/pull/d0bf,2026-04-30 11:56:51.083296,"AWS On-Demand Pricing snapshot 2025-01-15 (m5.large / g4dn.xlarge Linux, public pricing pages)"
9a7aebfe,55e5ffa8,az-DAgA0yzpr/wLrE4U6DoPQ/zuFT/79rPdu7176iGBYitPCE1OD0yyCVVOp+IYOPwE,time_shift,us-west-2,us-west-2,success,SUST-55E5FF,https://github.com/example/repo/pull/55e5,2026-04-30 11:56:51.083383,"AWS On-Demand Pricing snapshot 2025-01-15 (m5.large / g4dn.xlarge Linux, public pricing pages)"
6ad61f79,83cfca2d,az-zR8BzD/cz4cKVkwKmkfTiwAiIIqTddy/QGsp0s2M/w7nhXUM72Bj76DwjARnLFBz,time_shift,eu-west-1,eu-west-1,success,SUST-83CFCA,https://github.com/example/repo/pull/83cf,2026-04-30 11:56:51.083469,"AWS On-Demand Pricing snapshot 2025-01-15 (m5.large / g4dn.xlarge Linux, public pricing pages)"
6c00f184,80171d76,az-LAOH8l/WGH75KWkI4jsHo6COhE/7SGuWfx/aWTLdtvouqB9QeUB+qm15wQS1lC9L,region_shift+time_shift,eu-west-1,us-west-2,success,SUST-80171D,https://github.com/example/repo/pull/8017,2026-04-30 11:56:51.083559,"AWS On-Demand Pricing snapshot 2025-01-15 (m5.large / g4dn.xlarge Linux, public pricing pages)"
54cc030e,4f12549f,az-N/sWAUXbkefuQ3Zq+weOhrIChCIr681HpUeA904DqJNV/xLAPm6pkJB3FpKvbxdD,time_shift,eu-west-1,eu-west-1,success,SUST-4F1254,https://github.com/example/repo/pull/4f12,2026-04-30 11:56:51.084606,"AWS On-Demand Pricing snapshot 2025-01-15 (m5.large / g4dn.xlarge Linux, public pricing pages)"
e0f4112e,39941ba4,az-t8q3KjMnf+zd4wRUOh/4c4bLAP27A8oUrVPFg3wvoZklr1v9ytWLWr0iIftdvndm,time_shift,eu-west-1,eu-west-1,success,SUST-39941B,https://github.com/example/repo/pull/3994,2026-04-30 11:56:51.084714,"AWS On-Demand Pricing snapshot 2025-01-15 (m5.large / g4dn.xlarge Linux, public pricing pages)"
a478c184,604ff42d,az-s+CIfHdAM8LmzA5bE+ZMcIpnB6lIzWg9ar+a778+41wbVda3Mrftu9i+49nOkGrr,time_shift,eu-west-1,eu-west-1,success,SUST-604FF4,https://github.com/example/repo/pull/604f,2026-04-30 11:56:51.140507,"AWS On-Demand Pricing snapshot 2025-01-15 (m5.large / g4dn.xlarge Linux, public pricing pages)"
6a0a5d61,e8cd8376,az-hSnGJ1UDmtXah7TPozw04ry8irjPgm5cUG5Yk/GKe1wjvLJZIRzEgJZ73pq+GOMn,region_shift,us-east-1,us-west-2,success,SUST-E8CD83,https://github.com/example/repo/pull/e8cd,2026-04-30 11:56:51.140613,"AWS On-Demand Pricing snapshot 2025-01-15 (m5.large / g4dn.xlarge Linux, public pricing pages)"
961068cc,a9f26008,az-sUbqIx74kFwTcHH9T0rzoXioq/Ebrka53+AKV/pW+/rQsseA65vmS4B6iwm0L4/E,region_shift+time_shift,us-east-1,us-west-2,success,SUST-A9F260,https://github.com/example/repo/pull/a9f2,2026-04-30 11:56:51.140713,"AWS On-Demand Pricing snapshot 2025-01-15 (m5.large / g4dn.xlarge Linux, public pricing pages)"
c459a54f,aac47635,az-ZALtrs13zeuRKSmNE/QSsvEMO5Q1bkwP1gAji0sXm1887/5v+aDIruDn+bcfWVsG,time_shift,eu-west-1,eu-west-1,success,SUST-AAC476,https://github.com/example/repo/pull/aac4,2026-04-30 11:56:51.140810,"AWS On-Demand Pricing snapshot 2025-01-15 (m5.large / g4dn.xlarge Linux, public pricing pages)"
11b1c5b9,9e5d2f12,az-J+BKsQlPLyCJZc41Nwwnu0UUWVWpVIOcqgY0Ws7Es7V0gZwXPb4GdBlLofyFHQzY,time_shift,us-west-2,us-west-2,success,SUST-9E5D2F,https://github.com/example/repo/pull/9e5d,2026-04-30 11:56:51.140905,"AWS On-Demand Pricing snapshot 2025-01-15 (m5.large / g4dn.xlarge Linux, public pricing pages)"
43451561,1cb2ea6f,az-89PYjtFtIt0VO0xMqcydHeczDruMzf2vUQxubcdBHeqLziX0MSxa9qIkUxZLKm6G,region_shift+time_shift,us-east-1,us-west-2,success,SUST-1CB2EA,https://github.com/example/repo/pull/1cb2,2026-04-30 11:56:51.141017,"AWS On-Demand Pricing snapshot 2025-01-15 (m5.large / g4dn.xlarge Linux, public pricing pages)"
85823d76,0f885784,az-xl8TnIGp6LWM1qwypNBUwnBqRuGccYUznnMhBKnwh5xARCk8E4SNSYtBlck6y5sU,time_shift,us-west-2,us-west-2,success,SUST-0F8857,https://github.com/example/repo/pull/0f88,2026-04-30 11:56:51.141113,"AWS On-Demand Pricing snapshot 2025-01-15 (m5.large / g4dn.xlarge Linux, public pricing pages)"
18f55822,b3fdfc0d,az-aJgYmDa1hssupxDg8PbNcjne7l6ohf/gmrW4pos9l8UmJ4ZF/YT5yp690rb+iJrM,time_shift,us-west-2,us-west-2,success,SUST-B3FDFC,https://github.com/example/repo/pull/b3fd,2026-04-30 11:56:51.141206,"AWS On-Demand Pricing snapshot 2025-01-15 (m5.large / g4dn.xlarge Linux, public pricing pages)"
e2704d6b,83ec5923,az-0g9SaiM6nSCp9H4jqomcThNRWqSFjrDZJWrhSw+P31YvtLnyywHamC4xpeFtuBEp,region_shift,us-east-1,us-west-2,success,SUST-83EC59,https://github.com/example/repo/pull/83ec,2026-04-30 11:56:51.141295,"AWS On-Demand Pricing snapshot 2025-01-15 (m5.large / g4dn.xlarge Linux, public pricing pages)"
999aa51a,540864b1,az-sa4U9vzJr2qkCQZenOv2X4kNwf7s9Yj6jhloVikodKJIkLwwDpXyowWiJk69jGtM,region_shift,us-east-1,us-west-2,success,SUST-540864,https://github.com/example/repo/pull/5408,2026-04-30 11:56:51.141385,"AWS On-Demand Pricing snapshot 2025-01-15 (m5.large / g4dn.xlarge Linux, public pricing pages)"
a6329014,e6966fc5,az-gLwEA4nDJXmfycMeEucWjRVwElC/6dYY3y2UN8wQ2qls+iZT1QEsYcOI5kFs/Fau,time_shift,eu-west-1,eu-west-1,success,SUST-E6966F,https://github.com/example/repo/pull/e696,2026-04-30 11:56:51.141478,"AWS On-Demand Pricing snapshot 2025-01-15 (m5.large / g4dn.xlarge Linux, public pricing pages)"
b6ab167c,4353cc77,az-Wby7fHLMCPBSpIojOECRNaeDFcD/SFy0rXNdpgzafbbs9rs7JzywnbKWneuTeQkR,region_shift,us-east-1,us-west-2,success,SUST-4353CC,https://github.com/example/repo/pull/4353,2026-04-30 11:56:51.141565,"AWS On-Demand Pricing snapshot 2025-01-15 (m5.large / g4dn.xlarge Linux, public pricing pages)"
bf6aa20a,b33ae581,az-sffo3dA672mherUD6dLtMp9eJwS671ebYbfcmNmUwTVPafOS0kwHox23aCZARycI,region_shift,us-east-1,us-west-2,success,SUST-B33AE5,https://github.com/example/repo/pull/b33a,2026-04-30 11:56:51.141669,"AWS On-Demand Pricing snapshot 2025-01-15 (m5.large / g4dn.xlarge Linux, public pricing pages)"
4871ffff,6209cfda,az-bvKEwbE8FsDfUKs4Q3lFn9d9SnnxXrRdlDjETlBsOqSWK4IJLYJeep4wPqiapeTa,region_shift+time_shift,us-east-1,us-west-2,success,SUST-6209CF,https://github.com/example/repo/pull/6209,2026-04-30 11:56:51.141781,"AWS On-Demand Pricing snapshot 2025-01-15 (m5.large / g4dn.xlarge Linux, public pricing pages)"
dd4249e5,b3142b41,az-FYMvbX29ECy2o9EKszyDOqq2aZ7/LsPzUJbks0HesFYhtJkmYiV1CsXxf5Be8nA6,time_shift,us-west-2,us-west-2,success,SUST-B3142B,https://github.com/example/repo/pull/b314,2026-04-30 11:56:51.141878,"AWS On-Demand Pricing snapshot 2025-01-15 (m5.large / g4dn.xlarge Linux, public pricing pages)"
6d7e1e05,0bc064b5,az-a1MQlthg60sMx9CaIGJD+zzFDkXdCdnh4zNjZFoVlrWmbkfUfim0SUuUpDDQrvkz,time_shift,eu-west-1,eu-west-1,success,SUST-0BC064,https://github.com/example/repo/pull/0bc0,2026-04-30 11:56:51.141970,"AWS On-Demand Pricing snapshot 2025-01-15 (m5.large / g4dn.xlarge Linux, public pricing pages)"
11e25cc2,51438735,az-8l3YFNIZ2a5pcv2yormZ2KS+LPOZD8XNM/rIR609d0kz9qTuDwLBQpv++Oy81ljf,time_shift,eu-west-1,eu-west-1,success,SUST-514387,https://github.com/example/repo/pull/5143,2026-04-30 11:56:51.142079,"AWS On-Demand Pricing snapshot 2025-01-15 (m5.large / g4dn.xlarge Linux, public pricing pages)"
f9b72299,ffe98cd7,az-/kvYGnu708FRVCnfet4JaEs4hjs8at5vpm+M4r+jlzlYtfC1ZghgMER+vlTLkpAr,time_shift,eu-west-1,eu-west-1,success,SUST-FFE98C,https://github.com/example/repo/pull/ffe9,2026-04-30 11:56:51.142168,"AWS On-Demand Pricing snapshot 2025-01-15 (m5.large / g4dn.xlarge Linux, public pricing pages)"
2c720cfb,fd1dd6b6,az-GFQnEyW3jEf4HZBeEUc7Z9L/J1Eqpf0REzocYJsOrifTk2eaXMXA2vVSAiyAKuJt,time_shift,eu-west-1,eu-west-1,success,SUST-FD1DD6,https://github.com/example/repo/pull/fd1d,2026-04-30 11:56:51.142262,"AWS On-Demand Pricing snapshot 2025-01-15 (m5.large / g4dn.xlarge Linux, public pricing pages)"
fba3a400,9d43cf7c,az-X1CX0IBiCHqqdRzMOg7ziqc2I4QGsepyRFoCp8fUDyWLcCdN2mjWTt9lTxoOM7Fm,region_shift+time_shift,us-east-1,us-west-2,success,SUST-9D43CF,https://github.com/example/repo/pull/9d43,2026-04-30 11:56:51.142362,"AWS On-Demand Pricing snapshot 2025-01-15 (m5.large / g4dn.xlarge Linux, public pricing pages)"
9ddabce3,0eff152b,az-ezhrBz6qmKXePMOYd0B8C5pv0gWl8kf8kAEv3wGMWc4TmB9+9WzixaIpxG7+/ue6,time_shift,eu-west-1,eu-west-1,success,SUST-0EFF15,https://github.com/example/repo/pull/0eff,2026-04-30 11:56:51.142473,"AWS On-Demand Pricing snapshot 2025-01-15 (m5.large / g4dn.xlarge Linux, public pricing pages)"
d63c609a,da4ebc35,az-akdTcjiuvNIZ+ZGMFg5r9l4TjMRxxSZheA+MLEsOZWgNCBdm6DTZr+NnjUVt7R9B,time_shift,eu-west-1,eu-west-1,success,SUST-DA4EBC,https://github.com/example/repo/pull/da4e,2026-04-30 11:56:51.142568,"AWS On-Demand Pricing snapshot 2025-01-15 (m5.large / g4dn.xlarge Linux, public pricing pages)"
6bbb232c,eca30d8f,az-Uun8GRi2JLB+R0lTcP2sbNJZMwJ+zT0zVXHJupCx/D+Re21eoGQkSLsWAPMnibtl,time_shift,eu-west-1,eu-west-1,success,SUST-ECA30D,https://github.com/example/repo/pull/eca3,2026-04-30 11:56:51.142825,"AWS On-Demand Pricing snapshot 2025-01-15 (m5.large / g4dn.xlarge Linux, public pricing pages)"
394f1414,2ffaa7a7,az-5Xd4oTWyMHkPFcT7So32coqjgWJzn2w4Rh44GaIytVd379MrxLe2Civ8OVw3vkIX,region_shift+time_shift,us-east-1,us-west-2,success,SUST-2FFAA7,https://github.com/example/repo/pull/2ffa,2026-04-30 11:56:51.142929,"AWS On-Demand Pricing snapshot 2025-01-15 (m5.large / g4dn.xlarge Linux, public pricing pages)"
904f5d4c,3b0276f3,az-GYnf/yqsvtVaKQGoDTLkhPB9dce9daCIa0ydeRuyWtQRQwmyi4nrDPcu+AjJc2k2,region_shift,us-east-1,us-west-2,success,SUST-3B0276,https://github.com/example/repo/pull/3b02,2026-04-30 11:56:51.143681,"AWS On-Demand Pricing snapshot 2025-01-15 (m5.large / g4dn.xlarge Linux, public pricing pages)"
be030b6d,d0fc2ac9,az-LZTvML2vUC612BuPRLpbDC3eFdOpFJ+IM8UEUsP5+AmfSFgd8C5FfyXA3a5II7uD,time_shift,us-west-2,us-west-2,success,SUST-D0FC2A,https://github.com/example/repo/pull/d0fc,2026-04-30 11:56:51.143810,"AWS On-Demand Pricing snapshot 2025-01-15 (m5.large / g4dn.xlarge Linux, public pricing pages)"
0f790b13,c641e86e,az-GBnh/11GzCiX8CYdiGGoOW8O/XrYOlIYvsVISm7zQ9jkVHgf/f8Oi+N37yzjqcyd,region_shift+time_shift,us-east-1,us-west-2,success,SUST-C641E8,https://github.com/example/repo/pull/c641,2026-04-30 11:56:51.143914,"AWS On-Demand Pricing snapshot 2025-01-15 (m5.large / g4dn.xlarge Linux, public pricing pages)"
2c5546fd,325de593,az-39rg/wbDMsGyj5Dx1k+j9JvLicYYDL5BMqlWdN2ogHNYM56fwXgE8QviXW+hF5ZI,region_shift+time_shift,eu-west-1,eu-north-1,success,SUST-325DE5,https://github.com/example/repo/pull/325d,2026-04-30 11:56:51.144010,"AWS On-Demand Pricing snapshot 2025-01-15 (m5.large / g4dn.xlarge Linux, public pricing pages)"
d34ddf6f,115f7359,az-boh871i0OqLdZYTTKQusDhDl9W1uMqU9lSZx/cRp52haE6v530JPzV1PXZXf0DEe,region_shift+time_shift,us-east-1,us-west-2,success,SUST-115F73,https://github.com/example/repo/pull/115f,2026-04-30 11:56:51.144123,"AWS On-Demand Pricing snapshot 2025-01-15 (m5.large / g4dn.xlarge Linux, public pricing pages)"
9571d466,108c4a78,az-8pCzrCyw3KVh64aDufZdrCXBce+umUlhIN/err6OJU334v+e1BY0xZ1AfDDW4aoR,region_shift,us-east-1,us-west-2,success,SUST-108C4A,https://github.com/example/repo/pull/108c,2026-04-30 11:56:51.144309,"AWS On-Demand Pricing snapshot 2025-01-15 (m5.large / g4dn.xlarge Linux, public pricing pages)"
dfab32ee,774c2367,az-z76S5VwAPodIGIV+3K4VZjxVvGmgR8ZKHVp7X9tnArCuUvFUF0eH6MwKFT+7897i,time_shift,eu-west-1,eu-west-1,success,SUST-774C23,https://github.com/example/repo/pull/774c,2026-04-30 11:56:51.144507,"AWS On-Demand Pricing snapshot 2025-01-15 (m5.large / g4dn.xlarge Linux, public pricing pages)"
c9f4ecfc,2431bd36,az-YYs0yeN5KIxKVOvXHaKv32CtZU4IfPjK4vnBj5JpsSvb+8KiGil/B3eN3L2i+uYZ,time_shift,us-west-2,us-west-2,success,SUST-2431BD,https://github.com/example/repo/pull/2431,2026-04-30 11:56:51.144616,"AWS On-Demand Pricing snapshot 2025-01-15 (m5.large / g4dn.xlarge Linux, public pricing pages)"
dc46460b,12da65c4,az-l8tF70WTvzVYtysBb7WPjxs/tW/lfU81WAHQGtvCnMl8DucNmnByIwtIoi6HwXGQ,region_shift+time_shift,us-east-1,us-west-2,success,SUST-12DA65,https://github.com/example/repo/pull/12da,2026-04-30 11:56:51.144723,"AWS On-Demand Pricing snapshot 2025-01-15 (m5.large / g4dn.xlarge Linux, public pricing pages)"
b1ef974f,38dee6aa,az-ncGNhLc33QUg0yBsad0vwmK2P+xmq/c972QWfWDvobaf87Ir5caWRnBSjwUwxJzD,region_shift+time_shift,us-east-1,us-west-2,success,SUST-38DEE6,https://github.com/example/repo/pull/38de,2026-04-30 11:56:51.144938,"AWS On-Demand Pricing snapshot 2025-01-15 (m5.large / g4dn.xlarge Linux, public pricing pages)"
64ca9660,77a2902a,az-St+FfSRDC0nsjtlvRa+U4oNMkAw2gBy3AYMXwNaC8JmTfJcTFiOqKb18SIF54fzX,time_shift,us-east-1,us-east-1,success,SUST-77A290,https://github.com/example/repo/pull/77a2,2026-04-30 11:56:51.145053,"AWS On-Demand Pricing snapshot 2025-01-15 (m5.large / g4dn.xlarge Linux, public pricing pages)"
a1f97561,ae9fb90c,az-1rM2wbJk7xAg9ylzC07kdmTIqBZL33tGLCW5p4eJ8KwQmDg/GIS7jIMSfhJNWV5k,time_shift,us-west-2,us-west-2,success,SUST-AE9FB9,https://github.com/example/repo/pull/ae9f,2026-04-30 11:56:51.145174,"AWS On-Demand Pricing snapshot 2025-01-15 (m5.large / g4dn.xlarge Linux, public pricing pages)"
16d259fe,202757a3,az-aQBJMyRl9MAUvjyzVwnMA556HNjkACc0pItNGLQLO+0S63MgrAm7dc81dO3mw3uY,region_shift+time_shift,us-east-1,us-west-2,success,SUST-202757,https://github.com/example/repo/pull/2027,2026-04-30 11:56:51.145288,"AWS On-Demand Pricing snapshot 2025-01-15 (m5.large / g4dn.xlarge Linux, public pricing pages)"
15c98380,0d27ca4a,az-TxWJOiRa0QdvIWi/akaNVIpINyTsFYfMvqeP77s8h2SfpnhZTJvzbtIwYoztvhi1,region_shift+time_shift,us-east-1,us-west-2,success,SUST-0D27CA,https://github.com/example/repo/pull/0d27,2026-04-30 11:56:51.145381,"AWS On-Demand Pricing snapshot 2025-01-15 (m5.large / g4dn.xlarge Linux, public pricing pages)"
dc58517b,59dd4371,az-iChB+IYFxzJJoCqQ5rQ9tQxwYFAyDUMWhPJbF0uYUbzdlA8Q2ew13sav0Z2MhPmy,time_shift,us-east-1,us-east-1,success,SUST-59DD43,https://github.com/example/repo/pull/59dd,2026-04-30 11:56:51.145471,"AWS On-Demand Pricing snapshot 2025-01-15 (m5.large / g4dn.xlarge Linux, public pricing pages)"
28620ea5,b0b84874,az-nGAQFaZEkh1VX69YPxq8OZ+0P0OJIO4ffE5sGOUPMrrC0LeFT/3+3tzSeGHHC0oM,time_shift,eu-west-1,eu-west-1,success,SUST-B0B848,https://github.com/example/repo/pull/b0b8,2026-04-30 11:56:51.147698,"AWS On-Demand Pricing snapshot 2025-01-15 (m5.large / g4dn.xlarge Linux, public pricing pages)"
ab180fb7,d08c1021,az-uxD7b2CFhTDdLsGYsYvrh5l0p1Eq7Dl/9Ng5bwSVjqTOruCFWX0s4Da0qOXfmLaa,region_shift,us-east-1,us-west-2,success,SUST-D08C10,https://github.com/example/repo/pull/d08c,2026-04-30 11:56:51.147789,"AWS On-Demand Pricing snapshot 2025-01-15 (m5.large / g4dn.xlarge Linux, public pricing pages)"
3ee2bf2f,0e5de05d,az-BdUeFEmY8Rz6oyd6r2GRzZUZ4j7P+kOPDVIQRftGD2NQWgSeZNOvnpgbJ9xCWPo2,time_shift,us-east-1,us-east-1,success,SUST-0E5DE0,https://github.com/example/repo/pull/0e5d,2026-04-30 11:56:51.147856,"AWS On-Demand Pricing snapshot 2025-01-15 (m5.large / g4dn.xlarge Linux, public pricing pages)"
70a64efc,0a1bf086,az-LFsK19XE5TbNaO62hFqXWrHoUqGlGPNtBC/kcJkUnI83I78HBSaiVY2nF+UPtHuk,time_shift,eu-west-1,eu-west-1,success,SUST-0A1BF0,https://github.com/example/repo/pull/0a1b,2026-04-30 11:56:51.147918,"AWS On-Demand Pricing snapshot 2025-01-15 (m5.large / g4dn.xlarge Linux, public pricing pages)"
7fcce3e4,243fa02f,az-SaasTE0sOhieIsrEdR2dv6jEajYmaqL2Gz9NrW2Vmwq8o+dgmgzk2JWxpNRQ4EQ+,time_shift,eu-west-1,eu-west-1,success,SUST-243FA0,https://github.com/example/repo/pull/243f,2026-04-30 11:56:51.147978,"AWS On-Demand Pricing snapshot 2025-01-15 (m5.large / g4dn.xlarge Linux, public pricing pages)"
a3ac35de,0485404a,az-H63vLB0JCQ2JhK8lj6Qp1hxrVMfoUEP1pLNqswYhjlPcHxwig1svukz5kJD+Y47Z,time_shift,us-west-2,us-west-2,success,SUST-048540,https://github.com/example/repo/pull/0485,2026-04-30 11:56:51.148042,"AWS On-Demand Pricing snapshot 2025-01-15 (m5.large / g4dn.xlarge Linux, public pricing pages)"
ff41ca16,cf87c234,az-CB+fhuvZYWWVP3fOUvXeItW7+YlXd7s4WySNwczEoIRntTew/6mouR47L5zOSftf,time_shift,ap-south-1,ap-south-1,success,SUST-CF87C2,https://github.com/example/repo/pull/cf87,2026-04-30 11:56:51.148103,"AWS On-Demand Pricing snapshot 2025-01-15 (m5.large / g4dn.xlarge Linux, public pricing pages)"
8c7fb6a6,144d97e0,az-eJpAJxdudeCscRNTbKB7pn7fIXfNJ9pzydIsBmb0XicV0MK0CWTCjjbGv2sCrUiW,time_shift,eu-west-1,eu-west-1,success,SUST-144D97,https://github.com/example/repo/pull/144d,2026-04-30 11:56:51.148164,"AWS On-Demand Pricing snapshot 2025-01-15 (m5.large / g4dn.xlarge Linux, public pricing pages)"
f078c601,7d0617a2,az-DxsxVfB7A4Xh5S1Kfkr5LitevQSVYZNLaHUcz1/s+ZWdOuLeUUh4+nQW6vCaAtqb,region_shift,us-east-1,us-west-2,success,SUST-7D0617,https://github.com/example/repo/pull/7d06,2026-04-30 11:56:51.148221,"AWS On-Demand Pricing snapshot 2025-01-15 (m5.large / g4dn.xlarge Linux, public pricing pages)"
aaf0bfc8,9de38f3b,az-aYOJxdCymvU7kDTO2WJvyxvaJ4ejHFUxwRy2iazIHxLjBwL6jivPn0vWa64jhLyc,time_shift,us-west-2,us-west-2,success,SUST-9DE38F,https://github.com/example/repo/pull/9de3,2026-04-30 11:56:51.148277,"AWS On-Demand Pricing snapshot 2025-01-15 (m5.large / g4dn.xlarge Linux, public pricing pages)"
2bb772d6,9d98e91a,az-ckiuMQIQzgCofkp+L2FikiP5lQbFzT4mnEmcPqv6G4ONS11wLaI158zhrGMstEN/,time_shift,eu-west-1,eu-west-1,success,SUST-9D98E9,https://github.com/example/repo/pull/9d98,2026-04-30 11:56:51.148334,"AWS On-Demand Pricing snapshot 2025-01-15 (m5.large / g4dn.xlarge Linux, public pricing pages)"
5084594e,664b97a2,az-71fJw0x+SDRdAxKPwLyHZhTgQpYw2afS6tjJhfT6kHnmLH54/rl2etJKUpSFKoTB,time_shift,us-west-2,us-west-2,success,SUST-664B97,https://github.com/example/repo/pull/664b,2026-04-30 11:56:51.148392,"AWS On-Demand Pricing snapshot 2025-01-15 (m5.large / g4dn.xlarge Linux, public pricing pages)"
314b05da,6857ac37,az-wkH+db+1rqJqvyOONcpEmYNfZ63r3tnCP45FXMcKWXU7AdNnhtqQd/eTVKJyzM1S,time_shift,us-west-2,us-west-2,success,SUST-6857AC,https://github.com/example/repo/pull/6857,2026-04-30 11:56:51.148449,"AWS On-Demand Pricing snapshot 2025-01-15 (m5.large / g4dn.xlarge Linux, public pricing pages)"
2c2fc8b9,465622c7,az-PTbdDKkLBoe4IdEShwZIbkAt2NFv/CZ0vYgGsfEf7MQ4n1ZKnMgksJNL6d0pMK+L,time_shift,us-west-2,us-west-2,success,SUST-465622,https://github.com/example/repo/pull/4656,2026-04-30 11:56:51.148506,"AWS On-Demand Pricing snapshot 2025-01-15 (m5.large / g4dn.xlarge Linux, public pricing pages)"
de5e3de9,f2429c0f,az-FftB2Y9i9sCNrUWoDp5bsF6K1/lNbXxYU9TsGFqy6RPEhVNeXZHRAcNPSIJkH6qx,region_shift+time_shift,us-east-1,us-west-2,success,SUST-F2429C,https://github.com/example/repo/pull/f242,2026-04-30 11:56:51.148562,"AWS On-Demand Pricing snapshot 2025-01-15 (m5.large / g4dn.xlarge Linux, public pricing pages)"
f99a8b18,f419d217,az-n1U7qS1zeq3neaC+Za1RiOBbxDrVRfH6xG/vJSI21NbTG0uL+7rXkMjHnQ4NeEF0,time_shift,eu-west-1,eu-west-1,success,SUST-F419D2,https://github.com/example/repo/pull/f419,2026-04-30 11:56:51.148618,"AWS On-Demand Pricing snapshot 2025-01-15 (m5.large / g4dn.xlarge Linux, public pricing pages)"
8dade2ea,51e0918b,az-NTz5NoHDT40hMe3ddkCm6hCFN8BjyF54bf8ujldEVoUB2JkvzdQDgwnmmUVgD7Gq,region_shift+time_shift,us-east-1,us-west-2,success,SUST-51E091,https://github.com/example/repo/pull/51e0,2026-04-30 11:56:51.148674,"AWS On-Demand Pricing snapshot 2025-01-15 (m5.large / g4dn.xlarge Linux, public pricing pages)"
4d6b28b0,e5d98301,az-vCElSguqXZx4pwsfvN9t+LSG0vzSYm+hoOKmet6Vrfkm62pBBZrSpi4VIJ1bNnSz,region_shift+time_shift,us-east-1,us-west-2,success,SUST-E5D983,https://github.com/example/repo/pull/e5d9,2026-04-30 11:56:51.148730,"AWS On-Demand Pricing snapshot 2025-01-15 (m5.large / g4dn.xlarge Linux, public pricing pages)"
dc8eb398,fd95ac1c,az-/hAeIXyHHCKAk/BmF6YYxUYybGa38UF/zZyApstM6SKCzMwxA6Mb0o4Tw3udObn3,time_shift,eu-west-1,eu-west-1,success,SUST-FD95AC,https://github.com/example/repo/pull/fd95,2026-04-30 11:56:51.148785,"AWS On-Demand Pricing snapshot 2025-01-15 (m5.large / g4dn.xlarge Linux, public pricing pages)"
694faa72,a4e6f45c,az-A+A4kYIvzspxFfSwYf3yCyZX/nEbBmb+dlAHmjCtsCuXkDHsnWH+wF7s2nYHQinc,time_shift,eu-west-1,eu-west-1,success,SUST-A4E6F4,https://github.com/example/repo/pull/a4e6,2026-04-30 11:56:51.148842,"AWS On-Demand Pricing snapshot 2025-01-15 (m5.large / g4dn.xlarge Linux, public pricing pages)"
3f91e95f,c827aab3,az-kgAclYNFYyYjjlw2DxHMjPMVIgJWUz7vnvJxc2Oqeq32N0P9Rlw0V3umKkX/KOgG,region_shift,us-east-1,us-west-2,success,SUST-C827AA,https://github.com/example/repo/pull/c827,2026-04-30 11:56:51.148895,"AWS On-Demand Pricing snapshot 2025-01-15 (m5.large / g4dn.xlarge Linux, public pricing pages)"
7bf09a83,2940948b,az-jMm3NiFw1zXqUA0JIOsCkznIXc5jCR7yPuKLm/O5FrGJRu14ilDtoHs1CAqRzr8v,time_shift,us-west-2,us-west-2,success,SUST-294094,https://github.com/example/repo/pull/2940,2026-04-30 11:56:51.148950,"AWS On-Demand Pricing snapshot 2025-01-15 (m5.large / g4dn.xlarge Linux, public pricing pages)"
adb793fd,80540ac0,az-tAfhOTGVfTkdfjfnv5grjwGMLbi2VdoU8ULFxViwrarRWtJkhe8LgtuEVWJ6pAOF,time_shift,us-east-1,us-east-1,success,SUST-80540A,https://github.com/example/repo/pull/8054,2026-04-30 11:56:51.149579,"AWS On-Demand Pricing snapshot 2025-01-15 (m5.large / g4dn.xlarge Linux, public pricing pages)"
87d656ef,16c75fd4,az-1skkzeZyKDif7AwyGGazsNZdyatfvAx3Gi55y5WLw0uMYbgzhyi3/5My+GC890mh,time_shift,us-east-1,us-east-1,success,SUST-16C75F,https://github.com/example/repo/pull/16c7,2026-04-30 11:56:51.149650,"AWS On-Demand Pricing snapshot 2025-01-15 (m5.large / g4dn.xlarge Linux, public pricing pages)"
2727cd88,a98aac52,az-415D4NjcGPycqLmdDCumSzj2oX5Khk2vxq39o8Z62eVGF0dfBlZSg7W0TL2yi0Pg,time_shift,us-west-2,us-west-2,success,SUST-A98AAC,https://github.com/example/repo/pull/a98a,2026-04-30 11:56:51.149710,"AWS On-Demand Pricing snapshot 2025-01-15 (m5.large / g4dn.xlarge Linux, public pricing pages)"
bcb76259,0211d5bd,az-sb9/1Eo23Amq0bVRGQn37QfW6Wbzs1a35wng7bO601CSegf0CsGqOjCty7V5VGno,time_shift,us-west-2,us-west-2,success,SUST-0211D5,https://github.com/example/repo/pull/0211,2026-04-30 11:56:51.149769,"AWS On-Demand Pricing snapshot 2025-01-15 (m5.large / g4dn.xlarge Linux, public pricing pages)"
103324fa,da950df7,az-nU09v520a+lahrcyYHdv19s6kreD9lf2Pp29ZT7jE0py8i83akApLcMwDqdMbsqg,region_shift,us-east-1,us-west-2,success,SUST-DA950D,https://github.com/example/repo/pull/da95,2026-04-30 11:56:51.149839,"AWS On-Demand Pricing snapshot 2025-01-15 (m5.large / g4dn.xlarge Linux, public pricing pages)"
f743b45c,da85caf8,az-/YOCd+NbwVKcdCSwQMtIs/nvczphn48YdTbRXQmMyn0NDKKgGyTN/wZwtRPqoPPS,time_shift,eu-west-1,eu-west-1,success,SUST-DA85CA,https://github.com/example/repo/pull/da85,2026-04-30 11:56:51.149897,"AWS On-Demand Pricing snapshot 2025-01-15 (m5.large / g4dn.xlarge Linux, public pricing pages)"
b9070d60,5b1ec876,az-tnuW/JeMZ3zBEplHSlgQXcwY7K/mpT9sSGtpSIpuRv6nnzurbkuK8KgWgHYcS6ps,time_shift,eu-west-1,eu-west-1,success,SUST-5B1EC8,https://github.com/example/repo/pull/5b1e,2026-04-30 11:56:51.149954,"AWS On-Demand Pricing snapshot 2025-01-15 (m5.large / g4dn.xlarge Linux, public pricing pages)"
d032eb2a,2174f34f,az-rmp5N66AEuZ3FKj/ccNbwjC+D2i0MIcozfUnvIBnZrJbPun9QLuVPdNCim0XC/nz,time_shift,us-west-2,us-west-2,success,SUST-2174F3,https://github.com/example/repo/pull/2174,2026-04-30 11:56:51.150066,"AWS On-Demand Pricing snapshot 2025-01-15 (m5.large / g4dn.xlarge Linux, public pricing pages)"
bd733c00,9635224d,az-+TboIPoTn2d0rsXVH11R9fws5yw7IIQEf3kl44I1ykwV1v9Hns3WgnyN5dtif9Kn,time_shift,eu-west-1,eu-west-1,success,SUST-963522,https://github.com/example/repo/pull/9635,2026-04-30 11:56:51.150152,"AWS On-Demand Pricing snapshot 2025-01-15 (m5.large / g4dn.xlarge Linux, public pricing pages)"
6a2eda2e,737caab8,az-wzHnhl9acJrO/hJcT9nyrKUjqfFDF45LEyEYlBrzB/0Ks2x1n7Rr3DZT0jz9jrNO,region_shift+time_shift,us-east-1,us-west-2,success,SUST-737CAA,https://github.com/example/repo/pull/737c,2026-04-30 11:56:51.150216,"AWS On-Demand Pricing snapshot 2025-01-15 (m5.large / g4dn.xlarge Linux, public pricing pages)"
82d33808,be54f8d7,az-MSdufFunbgAJCzf/SKWIhNnLHVAc+wdfo0U208ZyV0kLnfLJ2JjeL096RL9sSVUo,time_shift,eu-west-1,eu-west-1,success,SUST-BE54F8,https://github.com/example/repo/pull/be54,2026-04-30 11:56:51.150277,"AWS On-Demand Pricing snapshot 2025-01-15 (m5.large / g4dn.xlarge Linux, public pricing pages)"
4e058028,cbcb2782,az-eGgY6zKFpY8zRmKPl6sENRQNwsGTMnF4SqfXHk+rLQxpMQ0scEvKvD4yRVgiZO/q,time_shift,us-west-2,us-west-2,success,SUST-CBCB27,https://github.com/example/repo/pull/cbcb,2026-04-30 11:56:51.150335,"AWS On-Demand Pricing snapshot 2025-01-15 (m5.large / g4dn.xlarge Linux, public pricing pages)"
14f4ae2c,f8585288,az-KxxOA251HAW41z3FNwrjOft1+PzIa7Ep6yo6n61VPEyIa5h0vPj1N4pXRBvhGCC6,time_shift,eu-west-1,eu-west-1,success,SUST-F85852,https://github.com/example/repo/pull/f858,2026-04-30 11:56:51.150394,"AWS On-Demand Pricing snapshot 2025-01-15 (m5.large / g4dn.xlarge Linux, public pricing pages)"
0416ac5f,f55546a2,az-JXYxoOx6Ty4s4Z1Gfllum9tGMa8fQifhi9FPOPcbMuCJyocSDuqwrSPMTY1VFTrq,time_shift,eu-west-1,eu-west-1,success,SUST-F55546,https://github.com/example/repo/pull/f555,2026-04-30 11:56:51.150453,"AWS On-Demand Pricing snapshot 2025-01-15 (m5.large / g4dn.xlarge Linux, public pricing pages)"
335e05ff,f57c520f,az-6ZnaDH9JZ0QapbXOWq1U5acj6p7461QtpNHxLFnxxEB1ntnD++gBFJGuQDcF4dDT,region_shift,us-east-1,us-west-2,success,SUST-F57C52,https://github.com/example/repo/pull/f57c,2026-04-30 11:56:51.150506,"AWS On-Demand Pricing snapshot 2025-01-15 (m5.large / g4dn.xlarge Linux, public pricing pages)"
7193f1ba,b8e62cf9,az-8RlzMDyyUhEhuwkcy5pd8zesHfFO4BG8WKXY8qMOPVrYVZcctwitfjfFblkFv9bk,time_shift,eu-west-1,eu-west-1,success,SUST-B8E62C,https://github.com/example/repo/pull/b8e6,2026-04-30 11:56:51.150563,"AWS On-Demand Pricing snapshot 2025-01-15 (m5.large / g4dn.xlarge Linux, public pricing pages)"
e45e2a23,01e7d709,az-Kxph3GLZ5Zxqod60/uNU2Sp3OZJUWVYEMKX4UFWq7FyjwNK4p/JZI23JaeEbuNkl,time_shift,eu-west-1,eu-west-1,success,SUST-01E7D7,https://github.com/example/repo/pull/01e7,2026-04-30 11:56:51.150621,"AWS On-Demand Pricing snapshot 2025-01-15 (m5.large / g4dn.xlarge Linux, public pricing pages)"
60e9cad9,6180ef13,az-LJ6clTcfrfqTZiUFnYFFcNv4/Yl54MnQ02iHhpYdxpJ1uEHGQIQO5yiYaDIqiaZY,time_shift,eu-west-1,eu-west-1,success,SUST-6180EF,https://github.com/example/repo/pull/6180,2026-04-30 11:56:51.150680,"AWS On-Demand Pricing snapshot 2025-01-15 (m5.large / g4dn.xlarge Linux, public pricing pages)"
34fc13d2,27605dae,az-SOVVzVfGIs74poeLVFJ0SYTEu0IFBqh0jBoOv3SgAmu5ML3NbbjGBIncN/lYyueF,time_shift,eu-west-1,eu-west-1,success,SUST-27605D,https://github.com/example/repo/pull/2760,2026-04-30 11:56:51.150737,"AWS On-Demand Pricing snapshot 2025-01-15 (m5.large / g4dn.xlarge Linux, public pricing pages)"
de393d0b,c14a3d1b,az-2Tc5DiIL0nJBUW9EouAkAl3owGL9v1v56CInTE/DQzMabgjoUG5Js/dQsXoR38w+,region_shift+time_shift,us-east-1,us-west-2,success,SUST-C14A3D,https://github.com/example/repo/pull/c14a,2026-04-30 11:56:51.150793,"AWS On-Demand Pricing snapshot 2025-01-15 (m5.large / g4dn.xlarge Linux, public pricing pages)"
495bab19,a18e9010,az-a6r/sVXOMNSZqsZ18bpX71DURpyHMrPJoo5zK4oVLTs+HtgefEBFBwxl54YNl8bZ,time_shift,eu-west-1,eu-west-1,success,SUST-A18E90,https://github.com/example/repo/pull/a18e,2026-04-30 11:56:51.150848,"AWS On-Demand Pricing snapshot 2025-01-15 (m5.large / g4dn.xlarge Linux, public pricing pages)"
62b41437,e53f3286,az-aJy6F0U971SJVHSmQoGYoXxUToneHVWZ5neCqH3GZnqPZ6SNnqTW8Or8xza7K5eg,time_shift,eu-west-1,eu-west-1,success,SUST-E53F32,https://github.com/example/repo/pull/e53f,2026-04-30 11:56:51.150904,"AWS On-Demand Pricing snapshot 2025-01-15 (m5.large / g4dn.xlarge Linux, public pricing pages)"
1ec50df3,1bfc7227,az-uP3jSlXvgNX10thBxu9zYsfidkPBrm9pxnj410sV8VZwlsFyFUcBgLKHJSlct1RB,time_shift,ap-south-1,ap-south-1,success,SUST-1BFC72,https://github.com/example/repo/pull/1bfc,2026-04-30 11:56:51.150960,"AWS On-Demand Pricing snapshot 2025-01-15 (m5.large / g4dn.xlarge Linux, public pricing pages)"
dcd2ee18,62088181,az-lgwIUj3KTQfAsqVThJMMGyYyiTzbsvCajqDGVsq5gmNzJaOhp6jVDAiJ4LyGnJcq,region_shift+time_shift,us-east-1,us-west-2,success,SUST-620881,https://github.com/example/repo/pull/6208,2026-04-30 11:56:51.151916,"AWS On-Demand Pricing snapshot 2025-01-15 (m5.large / g4dn.xlarge Linux, public pricing pages)"
b5f9c6ae,38934c6b,az-AufzkayV7lbhWemAgUP+G3JhkRYjHsZEw/VBpVNK++4n5cZ9/MctLJsWU4YkXeqf,time_shift,eu-west-1,eu-west-1,success,SUST-38934C,https://github.com/example/repo/pull/3893,2026-04-30 11:56:51.152101,"AWS On-Demand Pricing snapshot 2025-01-15 (m5.large / g4dn.xlarge Linux, public pricing pages)"
8d70abe8,848f83b4,az-+I2X06RODnYk/K4ymfg6rMbowNVFzwYln0MghTtRfJHmP7//Uzda9iZxPOuDcdVW,region_shift+time_shift,us-east-1,us-west-2,success,SUST-848F83,https://github.com/example/repo/pull/848f,2026-04-30 11:56:51.152352,"AWS On-Demand Pricing snapshot 2025-01-15 (m5.large / g4dn.xlarge Linux, public pricing pages)"
4937c137,90d9fd3f,az-le+zHn5HzEwetrLbmybYJfkQvMiag8lLJ8E4cipZDjJPv74stgPCgHqblH5gkhsj,region_shift+time_shift,us-east-1,us-west-2,success,SUST-90D9FD,https://github.com/example/repo/pull/90d9,2026-04-30 11:56:51.152467,"AWS On-Demand Pricing snapshot 2025-01-15 (m5.large / g4dn.xlarge Linux, public pricing pages)"
a810f53a,52e632f4,az-Ms0vAKP3Tf0O0rZdSFbBgxPFFdJLsAFUyJ/YF2yagRT/hKtaTsz1z7cZXBod/yFS,time_shift,eu-west-1,eu-west-1,success,SUST-52E632,https://github.com/example/repo/pull/52e6,2026-04-30 11:56:51.152592,"AWS On-Demand Pricing snapshot 2025-01-15 (m5.large / g4dn.xlarge Linux, public pricing pages)"
29cda529,06c7bdb2,az-N5b518gdz20meWRiqPlQYcyad1i7nWQgKKNowAlXG2x9/xZfogtmiTh+UmLi+8KR,region_shift,eu-west-1,eu-north-1,success,SUST-06C7BD,https://github.com/example/repo/pull/06c7,2026-04-30 11:56:51.154116,"AWS On-Demand Pricing snapshot 2025-01-15 (m5.large / g4dn.xlarge Linux, public pricing pages)"
93ead87e,0fd162ed,az-VR3bwHqXms1MiYr77oYTlUomeWf7YcvpQkyONHFjNK1q9tin+2HRb/W0dKwm7PuE,time_shift,us-west-2,us-west-2,success,SUST-0FD162,https://github.com/example/repo/pull/0fd1,2026-04-30 11:56:51.154306,"AWS On-Demand Pricing snapshot 2025-01-15 (m5.large / g4dn.xlarge Linux, public pricing pages)"
bf5fece8,e7226ac7,az-qD9muEjuKAcCXlPWJdk8e1SXqxCG+J8J2GV7Zx3UIrP0BrBadw1oAVX0l8MZe6Sa,time_shift,eu-west-1,eu-west-1,success,SUST-E7226A,https://github.com/example/repo/pull/e722,2026-04-30 11:56:51.154407,"AWS On-Demand Pricing snapshot 2025-01-15 (m5.large / g4dn.xlarge Linux, public pricing pages)"
ea2cd820,a5bfa055,az-9qyDiitvGh7OL0pF+tnNtJ8xh6aJ8eKP4zusdx8hNZJfKTboozXg3wlqBDT/C6lD,time_shift,us-west-2,us-west-2,success,SUST-A5BFA0,https://github.com/example/repo/pull/a5bf,2026-04-30 11:56:51.154509,"AWS On-Demand Pricing snapshot 2025-01-15 (m5.large / g4dn.xlarge Linux, public pricing pages)"
387b7cfb,b6c21642,az-V9B+lGSdouAiNNsS73xSWrKqB0pV7o5WWKGukK9OgIY4tGhKDYZ6x2uPHzGIBqsX,time_shift,us-west-2,us-west-2,success,SUST-B6C216,https://github.com/example/repo/pull/b6c2,2026-04-30 11:56:51.154611,"AWS On-Demand Pricing snapshot 2025-01-15 (m5.large / g4dn.xlarge Linux, public pricing pages)"
def712d7,eb69232b,az-ORf6D93OrHf+LBobnIY/xEm25JW5/sDVus1QsXJuoLa+MvOYW2BajQMAxCgHfxqJ,time_shift,eu-west-1,eu-west-1,success,SUST-EB6923,https://github.com/example/repo/pull/eb69,2026-04-30 11:56:51.154708,"AWS On-Demand Pricing snapshot 2025-01-15 (m5.large / g4dn.xlarge Linux, public pricing pages)"
fd401489,a9e19a44,az-UiFcr/YHI3jlYMve8Rj7beAmotnhjxd4r+z3QXjsh4UCMpOnKDkIKpNmoSLqCxa5,region_shift+time_shift,us-east-1,us-west-2,success,SUST-A9E19A,https://github.com/example/repo/pull/a9e1,2026-04-30 11:56:51.154805,"AWS On-Demand Pricing snapshot 2025-01-15 (m5.large / g4dn.xlarge Linux, public pricing pages)"
c6669b48,4a725e59,az-xfXnFobgMNf9XHAWzVAuLHUWqvylT0AbfdCSeNkqwbVFXyw5EFmlN4qAtPSsSXR4,time_shift,ap-south-1,ap-south-1,success,SUST-4A725E,https://github.com/example/repo/pull/4a72,2026-04-30 11:56:51.154906,"AWS On-Demand Pricing snapshot 2025-01-15 (m5.large / g4dn.xlarge Linux, public pricing pages)"
634f207e,73e3cd50,az-xN7MrLIM82ESaC5gvo5YaNxrLfXdNsWW+PNXetj0npapY8WiLiKwezwioSMpsRsm,time_shift,us-east-1,us-east-1,success,SUST-73E3CD,https://github.com/example/repo/pull/73e3,2026-04-30 11:56:51.155006,"AWS On-Demand Pricing snapshot 2025-01-15 (m5.large / g4dn.xlarge Linux, public pricing pages)"
8cf3a9ac,e5a0cb57,az-AV2Cr7+Xrc607znRWbf6a1r7Uk4CYlApHx18rpHS2kxyggrvtwBF+XTO9yCINlsa,region_shift+time_shift,us-east-1,us-west-2,success,SUST-E5A0CB,https://github.com/example/repo/pull/e5a0,2026-04-30 11:56:51.155123,"AWS On-Demand Pricing snapshot 2025-01-15 (m5.large / g4dn.xlarge Linux, public pricing pages)"
32f85c89,1b25b7a3,az-4JtPSugqPp0BeeGNqfi5k3mEhy/f0j6O9HFhzpvtBgN2wpmI6qjUa1tTx66cFgFD,time_shift,us-west-2,us-west-2,success,SUST-1B25B7,https://github.com/example/repo/pull/1b25,2026-04-30 11:56:51.156827,"AWS On-Demand Pricing snapshot 2025-01-15 (m5.large / g4dn.xlarge Linux, public pricing pages)"
af388518,133efba1,az-nglodJyWot86FfUqcOL58KtmaQo8iCXbtPHCN/MPWNkCLheiPGL2Ewzk6LdLANfm,region_shift,us-east-1,us-west-2,success,SUST-133EFB,https://github.com/example/repo/pull/133e,2026-04-30 11:56:51.156960,"AWS On-Demand Pricing snapshot 2025-01-15 (m5.large / g4dn.xlarge Linux, public pricing pages)"
ecdeb5e1,0cbcd6c0,az-nKTw+hyVCzXEpSTwgJtL1nCWaqjeNPcPJDCoggJCycmDtj6xQ+A/Qurg4KLidtgR,time_shift,eu-west-1,eu-west-1,success,SUST-0CBCD6,https://github.com/example/repo/pull/0cbc,2026-04-30 11:56:51.157084,"AWS On-Demand Pricing snapshot 2025-01-15 (m5.large / g4dn.xlarge Linux, public pricing pages)"
1d9d1647,19620004,az-1CpsIFrYmKjzECm/IRryRU/kRMfpyUZ0RMWkCUQkggHKAu9q8bEZa4wl3FTkGG7H,time_shift,ap-south-1,ap-south-1,success,SUST-196200,https://github.com/example/repo/pull/1962,2026-04-30 11:56:51.157194,"AWS On-Demand Pricing snapshot 2025-01-15 (m5.large / g4dn.xlarge Linux, public pricing pages)"
6a5bbc8f,51f4fb31,az-Q6Qz1rD+XxvYXHUFJoXNDeJIZSmcieL3pRDaqhSY8WAOCyqM5mQeXvznBOBwinsw,time_shift,us-west-2,us-west-2,success,SUST-51F4FB,https://github.com/example/repo/pull/51f4,2026-04-30 11:56:51.157297,"AWS On-Demand Pricing snapshot 2025-01-15 (m5.large / g4dn.xlarge Linux, public pricing pages)"
a8013624,e5eda4d9,az-Y//WOnuwCIwLhZSXRX9U6tFoBjf6ko22lU2Exrg9U0lkZKmX81tNv7DbNT5bLsf3,region_shift,us-east-1,us-west-2,success,SUST-E5EDA4,https://github.com/example/repo/pull/e5ed,2026-04-30 11:56:51.157391,"AWS On-Demand Pricing snapshot 2025-01-15 (m5.large / g4dn.xlarge Linux, public pricing pages)"
aa321e53,c1708ed5,az-ZiHH6ukF5CS+ZVQFyEbClK8TA11OGm1FEJp8oRdDVfVTSgmwXBVhf3lQwcisRLop,time_shift,eu-west-1,eu-west-1,success,SUST-C1708E,https://github.com/example/repo/pull/c170,2026-04-30 11:56:51.157492,"AWS On-Demand Pricing snapshot 2025-01-15 (m5.large / g4dn.xlarge Linux, public pricing pages)"
009993dc,e3f4cf4e,az-vaR9khCCOpj03LZLKalMsOL21FICreqOmcnYIqC5YwaxLaEpL1xah0TAG5aXJLJf,region_shift+time_shift,us-east-1,us-west-2,success,SUST-E3F4CF,https://github.com/example/repo/pull/e3f4,2026-04-30 11:56:51.157818,"AWS On-Demand Pricing snapshot 2025-01-15 (m5.large / g4dn.xlarge Linux, public pricing pages)"
4f55bb11,e39779e1,az-02S5asYFcyEHClsXcUvKDJGTHNtpMhJI4PRlDHM9oAnp/Wmfb5oFgfa0l3NhiAlw,time_shift,us-west-2,us-west-2,success,SUST-E39779,https://github.com/example/repo/pull/e397,2026-04-30 11:56:51.157935,"AWS On-Demand Pricing snapshot 2025-01-15 (m5.large / g4dn.xlarge Linux, public pricing pages)"
aeaacc37,e8f239c0,az-vhuIuWs4AwJop8qqPXZX1PVtefQVbVgMuUcNjUqPEta5IhRaA6PPq/mcJWo8/tGh,time_shift,us-east-1,us-east-1,success,SUST-E8F239,https://github.com/example/repo/pull/e8f2,2026-04-30 11:56:51.158064,"AWS On-Demand Pricing snapshot 2025-01-15 (m5.large / g4dn.xlarge Linux, public pricing pages)"
a0b082f2,8ef3ced5,az-eWJ3EznEyb2S9Ga2jWOI5HoNgbmBVtbl3nx3F6rLL+J0D/9TNtx/1qJM0yhI2s/C,time_shift,eu-west-1,eu-west-1,success,SUST-8EF3CE,https://github.com/example/repo/pull/8ef3,2026-04-30 11:56:51.158255,"AWS On-Demand Pricing snapshot 2025-01-15 (m5.large / g4dn.xlarge Linux, public pricing pages)"
6e7e7cd5,87ddcbe2,az-x5rvhW8hVCBKvFjEjwg3hOc1Jl/I73rSrpx/qjvHjmY80KewDU4AnHVcT1rWcq2c,region_shift,us-east-1,us-west-2,success,SUST-87DDCB,https://github.com/example/repo/pull/87dd,2026-04-30 11:56:51.158468,"AWS On-Demand Pricing snapshot 2025-01-15 (m5.large / g4dn.xlarge Linux, public pricing pages)"
fbe625ad,9fad0ac0,az-LTbfE3SxscZ/Qx8/zTScmYNQ87kbiN2ayfe3j7vOhDfcufFmqXW1AunE48RkTWcD,time_shift,us-west-2,us-west-2,success,SUST-9FAD0A,https://github.com/example/repo/pull/9fad,2026-04-30 11:56:51.158584,"AWS On-Demand Pricing snapshot 2025-01-15 (m5.large / g4dn.xlarge Linux, public pricing pages)"
dbc43b69,12c89f43,az-gP20BCA1HwbamIbF0TVjYTYkLRvnRCFoBj3+YoZ4aLLmzmkIB+d32BQRVX61fGeV,time_shift,eu-west-1,eu-west-1,success,SUST-12C89F,https://github.com/example/repo/pull/12c8,2026-04-30 11:56:51.158650,"AWS On-Demand Pricing snapshot 2025-01-15 (m5.large / g4dn.xlarge Linux, public pricing pages)"
8a582a8c,d8195878,az-j1OjVq7IIW8wclGrEplqHydZLX4pTdVbE9XhyNG1sYzU80S/wOQ4uNO9CQUaOxSN,time_shift,us-west-2,us-west-2,success,SUST-D81958,https://github.com/example/repo/pull/d819,2026-04-30 11:56:51.158709,"AWS On-Demand Pricing snapshot 2025-01-15 (m5.large / g4dn.xlarge Linux, public pricing pages)"
8af522cb,6c36792f,az-cofbTUMNlnK4plsBNsDn1oU6SCGmhS8a4xqGDRVtSA1ZAFSNJbyO+W+yLeF5vm8p,time_shift,us-west-2,us-west-2,success,SUST-6C3679,https://github.com/example/repo/pull/6c36,2026-04-30 11:56:51.158818,"AWS On-Demand Pricing snapshot 2025-01-15 (m5.large / g4dn.xlarge Linux, public pricing pages)"
5f06059c,35034ea4,az-9A/fTcAgJgOkMQIGl7K6DU7A1xzpjiP/EbZszZJ+b40IXkbfubhGVHojLMJ6qKjj,region_shift+time_shift,us-east-1,us-west-2,success,SUST-35034E,https://github.com/example/repo/pull/3503,2026-04-30 11:56:51.159359,"AWS On-Demand Pricing snapshot 2025-01-15 (m5.large / g4dn.xlarge Linux, public pricing pages)"
7e0ecbc1,bb3c3902,az-JAnIeLkOtnflyDFgs0ybHgOpTeyr3Yq2DDKYDcv1nb4KrwrtthmsBbUlSJqaVjpx,region_shift,eu-west-1,us-west-2,success,SUST-BB3C39,https://github.com/example/repo/pull/bb3c,2026-04-30 11:56:51.159494,"AWS On-Demand Pricing snapshot 2025-01-15 (m5.large / g4dn.xlarge Linux, public pricing pages)"
4095ee6d,9e17a78e,az-+AqURFjCUdj0XmEmR4WW5zfU2NmPG4j1NLAGWovp6QmBtSv8r9j9weVk8kzP5eMT,region_shift+time_shift,us-east-1,us-west-2,success,SUST-9E17A7,https://github.com/example/repo/pull/9e17,2026-04-30 11:56:51.159601,"AWS On-Demand Pricing snapshot 2025-01-15 (m5.large / g4dn.xlarge Linux, public pricing pages)"
e8f7b20f,be86d71a,az-B6EikvX2af1VBVROZQdkgJpcIwC6gCLl9v10XNgUieEnJoKYwMmzrrfSFTkVAyBl,time_shift,eu-west-1,eu-west-1,success,SUST-BE86D7,https://github.com/example/repo/pull/be86,2026-04-30 11:56:51.160969,"AWS On-Demand Pricing snapshot 2025-01-15 (m5.large / g4dn.xlarge Linux, public pricing pages)"
