recommendation_id,job_id,action_type,current_region,proposed_region,current_time,proposed_time,est_carbon_delta_kg,est_cost_delta_usd,confidence,rationale,status,risk_level,pricing_source
45f79e40,az-WgPZpnNYXuY7z2wxaUvahLwcF0KfVgUbaku/jssAIu+ARTmy2izfDvFUHVrtRgGu,time_shift,eu-west-1,eu-west-1,2025-01-03 20:31:07.098865,2025-01-04 00:31:07.098865,-0.000635,0.0,0.805,[fallback] time_shift: estimated 0.6 gCO2e reduction at $0.0000 cost delta.,verified,low,"AWS On-Demand Pricing snapshot 2025-01-15 (m5.large / g4dn.xlarge Linux, public pricing pages)"
2f328762,az-xHnP4sE1TZ5ZCJP0TqsZS4rfbNg9hA3FniHQFUa0jZqWbmWvtTEUZU+xG4b0tU1c,time_shift,ap-south-1,ap-south-1,2025-01-06 19:42:06.418152,2025-01-06 23:42:06.418152,-7.4e-05,0.0,0.827,[fallback] time_shift: estimated 0.1 gCO2e reduction at $0.0000 cost delta.,verified,low,"AWS On-Demand Pricing snapshot 2025-01-15 (m5.large / g4dn.xlarge Linux, public pricing pages)"
ce1101b5,az-65Lvg3enQdG5vph5O0A5sV1t044kBBE/uOhYChZNg18KH+fwzhC8avyymxLPj9c+,time_shift,eu-west-1,eu-west-1,2025-01-01 02:28:12.058347,2025-01-01 06:28:12.058347,-8.9e-05,0.0,0.735,[fallback] time_shift: estimated 0.1 gCO2e reduction at $0.0000 cost delta.,verified,low,"AWS On-Demand Pricing snapshot 2025-01-15 (m5.large / g4dn.xlarge Linux, public pricing pages)"
f5114751,az-mLf+GgKIHBKXqB5SQJ3Z9/7FleU79kKeefDcPPpZGwbrkK8BQyJP26qs/nj99Q9P,region_shift,eu-west-1,eu-north-1,2025-01-07 12:33:50.470016,2025-01-07 12:33:50.470016,-0.004757,0.0117,0.95,[fallback] region_shift: estimated 4.8 gCO2e reduction at $0.0117 cost delta.,verified,low,"AWS On-Demand Pricing snapshot 2025-01-15 (m5.large / g4dn.xlarge Linux, public pricing pages)"
d5a4e721,az-TfuKW35JOr9n6egrZz5iSTMZWvI4fMIYOt8OUBD4xDQVkYyWplVuqOvhiy/TYOOe,time_shift,eu-west-1,eu-west-1,2025-01-01 00:00:00.000000,2025-01-01 04:00:00.000000,-0.05798,0.0,0.851,[fallback] time_shift: estimated 58.0 gCO2e reduction at $0.0000 cost delta.,verified,low,"AWS On-Demand Pricing snapshot 2025-01-15 (m5.large / g4dn.xlarge Linux, public pricing pages)"
19725fe3,az-e6xL14BUWcT5KvL4Rc6zFgnYC7qGS4mFeOQd3zp94Pl6t7ECHcJqsv1xIZ8C7RJq,time_shift,eu-west-1,eu-west-1,2025-01-05 18:47:15.656402,2025-01-05 22:47:15.656402,-2.9e-05,0.0,0.641,[fallback] time_shift: estimated 0.0 gCO2e reduction at $0.0000 cost delta.,verified,low,"AWS On-Demand Pricing snapshot 2025-01-15 (m5.large / g4dn.xlarge Linux, public pricing pages)"
5ea83a22,az-IiNbzJJbnR0hBRK6Hz22aQGi+mGk/LowdH633HkvOyAh4aBT608X6j6DriBKzguY,time_shift,eu-west-1,eu-west-1,2025-01-04 11:07:29.270665,2025-01-04 15:07:29.270665,-7.7e-05,0.0,0.652,[fallback] time_shift: estimated 0.1 gCO2e reduction at $0.0000 cost delta.,verified,low,"AWS On-Demand Pricing snapshot 2025-01-15 (m5.large / g4dn.xlarge Linux, public pricing pages)"
43d7efe2,az-+uUyOwbtVV4zrAhYGhaOVeYT5sz605DC0WI7Nx8I2FBku0t0ZLVHc7Rob+eSx2HE,time_shift,eu-west-1,eu-west-1,2025-01-04 00:44:20.615883,2025-01-04 04:44:20.615883,-1.5e-05,0.0,0.637,[fallback] time_shift: estimated 0.0 gCO2e reduction at $0.0000 cost delta.,verified,low,"AWS On-Demand Pricing snapshot 2025-01-15 (m5.large / g4dn.xlarge Linux, public pricing pages)"
7888cf1c,az-xm9muoZR+/cC5CDKNTxdE0nXWeitimk8kYP7S1sC+gMkHmnXXN7UbP6u20K9dcak,time_shift,eu-west-1,eu-west-1,2025-01-01 03:49:53.192869,2025-01-01 07:49:53.192869,-1.3e-05,0.0,0.649,[fallback] time_shift: estimated 0.0 gCO2e reduction at $0.0000 cost delta.,verified,low,"AWS On-Demand Pricing snapshot 2025-01-15 (m5.large / g4dn.xlarge Linux, public pricing pages)"
9b22356b,az-ehhvCWPrJ/uyFImXXamAwNaG/zlsjF7PO+IQsssdp64hHlyZcrUaWD0Wi1+KBIlU,region_shift+time_shift,us-east-1,us-west-2,2025-01-01 00:00:00.000000,2025-01-01 16:00:00.000000,-0.697989,1.0,0.95,[fallback] region_shift+time_shift: estimated 698.0 gCO2e reduction at $1.0000 cost delta.,verified,low,"AWS On-Demand Pricing snapshot 2025-01-15 (m5.large / g4dn.xlarge Linux, public pricing pages)"
a7dc770c,az-wUbbPYABsY2UyaGey8BYdCliDun/FP0tGP5eWRRgrrgVTfZdq5g4OkzQS+bA1MTJ,time_shift,eu-west-1,eu-west-1,2025-01-03 02:55:02.431118,2025-01-03 06:55:02.431118,-0.000483,0.0,0.875,[fallback] time_shift: estimated 0.5 gCO2e reduction at $0.0000 cost delta.,verified,low,"AWS On-Demand Pricing snapshot 2025-01-15 (m5.large / g4dn.xlarge Linux, public pricing pages)"
facae71b,az-3XFpwJQvGXXFGRP12ftkdFBR9K3LuZ/klB2zxnrtsQ7uTjDTDs1s8mSlZp8muXb9,region_shift,ap-south-1,us-west-2,2025-01-05 07:30:26.256078,2025-01-05 07:30:26.256078,-0.181956,0.1299,0.95,[fallback] region_shift: estimated 182.0 gCO2e reduction at $0.1299 cost delta.,verified,low,"AWS On-Demand Pricing snapshot 2025-01-15 (m5.large / g4dn.xlarge Linux, public pricing pages)"
8aba2010,az-c8Xnn1R4SePW9L6szWhdwXTmKKfU7DDo49TR8lEE87J3O5Ynk/YdP57U34SBS+GU,time_shift,eu-west-1,eu-west-1,2025-01-03 18:21:35.299838,2025-01-03 22:21:35.299838,-0.027593,0.0,0.688,[fallback] time_shift: estimated 27.6 gCO2e reduction at $0.0000 cost delta.,verified,low,"AWS On-Demand Pricing snapshot 2025-01-15 (m5.large / g4dn.xlarge Linux, public pricing pages)"
d588155c,az-BsDdOD8kf31obDEyI2puGv4Yt1tRXLLuuANWw2kajKDy7qVHfNvDQ0O2kKKG91hi,time_shift,eu-west-1,eu-west-1,2025-01-03 17:01:04.181524,2025-01-03 21:01:04.181524,-0.000169,0.0,0.648,[fallback] time_shift: estimated 0.2 gCO2e reduction at $0.0000 cost delta.,verified,low,"AWS On-Demand Pricing snapshot 2025-01-15 (m5.large / g4dn.xlarge Linux, public pricing pages)"
1a140612,az-hHjOSQe4vZ+fJ3xheCf3ibJZqTJ3nORiOU+KMEcuJJNWqTTO9dTqzzTTY51dB62R,time_shift,eu-west-1,eu-west-1,2025-01-01 00:00:00.000000,2025-01-01 04:00:00.000000,-0.04751,0.0,0.851,[fallback] time_shift: estimated 47.5 gCO2e reduction at $0.0000 cost delta.,verified,low,"AWS On-Demand Pricing snapshot 2025-01-15 (m5.large / g4dn.xlarge Linux, public pricing pages)"
577959e5,az-uGXa9PJ2VOgQ5AG3g7fyOHt+eiyMSa8E/DjypuftkvKWpFZSLklsomGGafR2gD/N,region_shift,us-east-1,us-west-2,2025-01-05 23:00:29.173420,2025-01-05 23:00:29.173420,-0.013862,0.02,0.95,[fallback] region_shift: estimated 13.9 gCO2e reduction at $0.0200 cost delta.,verified,low,"AWS On-Demand Pricing snapshot 2025-01-15 (m5.large / g4dn.xlarge Linux, public pricing pages)"
5454c1ae,az-cEAUwxVKC7HFTddTQpHpThaFa5I6HpJW+hoFxPzgz36ckXtRCugct0G2qrKbjm1q,time_shift,us-west-2,us-west-2,2025-01-06 17:48:54.846029,2025-01-06 21:48:54.846029,-4e-05,0.0,0.884,[fallback] time_shift: estimated 0.0 gCO2e reduction at $0.0000 cost delta.,verified,low,"AWS On-Demand Pricing snapshot 2025-01-15 (m5.large / g4dn.xlarge Linux, public pricing pages)"
14c4c1c8,az-30NxXE5fewkatQw9nJzh5l15syKbSUOrQgaEYuzkFe4269wE5d0ikUoUj8Ma5Yae,region_shift,us-east-1,us-west-2,2025-01-04 05:32:34.619125,2025-01-04 05:32:34.619125,-0.007625,0.02,0.95,[fallback] region_shift: estimated 7.6 gCO2e reduction at $0.0200 cost delta.,verified,low,"AWS On-Demand Pricing snapshot 2025-01-15 (m5.large / g4dn.xlarge Linux, public pricing pages)"
a424363c,az-ew4o0n5yeeOELVBdjGXTCLNti+8igov8sJehoqYN2d7G8XzaZ6UVFHmy5d1Pqm0J,time_shift,eu-west-1,eu-west-1,2025-01-01 00:00:00.000000,2025-01-01 04:00:00.000000,-0.309724,0.0,0.851,[fallback] time_shift: estimated 309.7 gCO2e reduction at $0.0000 cost delta.,verified,low,"AWS On-Demand Pricing snapshot 2025-01-15 (m5.large / g4dn.xlarge Linux, public pricing pages)"
d8cc643a,az-7JMYyPjZ3dJQTGAXVKtLD3m4wfBWfhBSOgZYmxTULiqH1oXmkFh0mmJd3MM5bWIw,region_shift+time_shift,us-east-1,us-west-2,2025-01-01 00:00:00.000000,2025-01-01 16:00:00.000000,-0.414123,1.0,0.95,[fallback] region_shift+time_shift: estimated 414.1 gCO2e reduction at $1.0000 cost delta.,verified,low,"AWS On-Demand Pricing snapshot 2025-01-15 (m5.large / g4dn.xlarge Linux, public pricing pages)"
df32ee3f,az-Xu0svUH0tAmdF2qKn1iCS0pyK//QYHE7qrw9DvRlEJvt0NG48jTwnxQWuS8mdAVh,region_shift+time_shift,us-east-1,us-west-2,2025-01-01 00:00:00.000000,2025-01-01 16:00:00.000000,-0.697989,1.0,0.95,[fallback] region_shift+time_shift: estimated 698.0 gCO2e reduction at $1.0000 cost delta.,verified,low,"AWS On-Demand Pricing snapshot 2025-01-15 (m5.large / g4dn.xlarge Linux, public pricing pages)"
f1890ffa,az-JRVy7u9bAH2P1dt7mMIIecF7jdDvdSTIhX1bE5YjVc8Iw/hzeW9QWBPhnueUomNz,region_shift,eu-west-1,eu-north-1,2025-01-05 15:33:32.965964,2025-01-05 15:33:32.965964,-0.007645,0.0092,0.95,[fallback] region_shift: estimated 7.6 gCO2e reduction at $0.0092 cost delta.,verified,low,"AWS On-Demand Pricing snapshot 2025-01-15 (m5.large / g4dn.xlarge Linux, public pricing pages)"
180b7c7f,az-XLOVOdpaFBPuTj6AAPkHOF+6NKmm/Hf5ortcjwNJmHGf03VJjOBVS3Gnfn5aXhBx,time_shift,us-west-2,us-west-2,2025-01-02 13:47:21.491086,2025-01-02 17:47:21.491086,-0.000204,0.0,0.893,[fallback] time_shift: estimated 0.2 gCO2e reduction at $0.0000 cost delta.,verified,low,"AWS On-Demand Pricing snapshot 2025-01-15 (m5.large / g4dn.xlarge Linux, public pricing pages)"
cbf73730,az-0b8oI7amBZHQGpdVvaO4lmSsX8+lMay3CzNj4PTOZy64rlnXErVN9JU/w9O40Rgy,time_shift,us-west-2,us-west-2,2025-01-07 17:43:04.764992,2025-01-07 21:43:04.764992,-0.001817,0.0,0.891,[fallback] time_shift: estimated 1.8 gCO2e reduction at $0.0000 cost delta.,verified,low,"AWS On-Demand Pricing snapshot 2025-01-15 (m5.large / g4dn.xlarge Linux, public pricing pages)"
4c34789f,az-OR3C+htkSJpI3rD9BhFtQ7PcXmfewAz1K7Jis9NVXhAbwyK2v8Zil5Skz3iIQ4NK,time_shift,eu-west-1,eu-west-1,2025-01-03 23:02:49.205835,2025-01-04 03:02:49.205835,-0.000436,0.0,0.875,[fallback] time_shift: estimated 0.4 gCO2e reduction at $0.0000 cost delta.,verified,low,"AWS On-Demand Pricing snapshot 2025-01-15 (m5.large / g4dn.xlarge Linux, public pricing pages)"
758c9b46,az-Fle8fF5UEp0+mdLCQMsW+8KD/1xZnk5ESv/hSiII2ORNdWf3xGrvyG6n9Z3VMtlO,time_shift,us-west-2,us-west-2,2025-01-05 16:59:54.165316,2025-01-05 20:59:54.165316,-0.000986,0.0,0.891,[fallback] time_shift: estimated 1.0 gCO2e reduction at $0.0000 cost delta.,verified,low,"AWS On-Demand Pricing snapshot 2025-01-15 (m5.large / g4dn.xlarge Linux, public pricing pages)"
7086ef42,az-3jAiS0lWfa0hEtsqrk3L9Lqwyc2wslIVzmNgKlzH2CK7ckpGrxQxbnwdwxuV9tb8,time_shift,us-west-2,us-west-2,2025-01-02 14:50:22.366288,2025-01-02 18:50:22.366288,-1.9e-05,0.0,0.87,[fallback] time_shift: estimated 0.0 gCO2e reduction at $0.0000 cost delta.,verified,low,"AWS On-Demand Pricing snapshot 2025-01-15 (m5.large / g4dn.xlarge Linux, public pricing pages)"
1d70f2ce,az-U3PD5eIhp1rVFbEdC231YJ6d91rgA3NW0QHLO5eIxcOUO5+0Zl6Bxoj+pTKADeTY,region_shift+time_shift,us-east-1,us-west-2,2025-01-05 18:18:05.251216,2025-01-05 22:18:05.251216,-0.008028,0.02,0.95,[fallback] region_shift+time_shift: estimated 8.0 gCO2e reduction at $0.0200 cost delta.,verified,low,"AWS On-Demand Pricing snapshot 2025-01-15 (m5.large / g4dn.xlarge Linux, public pricing pages)"
81519e30,az-5y98scB2Cg5IH8rRgLCe+rYRd3V+dq0RBZPeQAWLIaBPmYpf/GbYymLA9v/vnytX,region_shift,us-east-1,us-west-2,2025-01-03 04:51:44.051864,2025-01-03 04:51:44.051864,-0.023692,0.02,0.95,[fallback] region_shift: estimated 23.7 gCO2e reduction at $0.0200 cost delta.,verified,low,"AWS On-Demand Pricing snapshot 2025-01-15 (m5.large / g4dn.xlarge Linux, public pricing pages)"
3d28e363,az-T5Zi+tEM1y06amq9AlnArQapSDA8JUHaRf++C5ts0ONX+6HZ3cI0yQ11V/WUlpct,region_shift+time_shift,us-east-1,us-west-2,2025-01-01 00:00:00.000000,2025-01-01 16:00:00.000000,-0.697989,1.0,0.95,[fallback] region_shift+time_shift: estimated 698.0 gCO2e reduction at $1.0000 cost delta.,verified,low,"AWS On-Demand Pricing snapshot 2025-01-15 (m5.large / g4dn.xlarge Linux, public pricing pages)"
1d49583e,az-bpFOjFqWfM6Y5bG9ksgA2ewSCarRVwf6vjyOLPhdAbBrlCM92jGrIj8fBS1lKU7u,time_shift,eu-west-1,eu-west-1,2025-01-07 00:51:20.713128,2025-01-07 04:51:20.713128,-0.000387,0.0,0.728,[fallback] time_shift: estimated 0.4 gCO2e reduction at $0.0000 cost delta.,verified,low,"AWS On-Demand Pricing snapshot 2025-01-15 (m5.large / g4dn.xlarge Linux, public pricing pages)"
a5714001,az-NEPC7jCt6Y5jKra2EQmP0eQfepoboNrFW0s39cU/NCU2muSN2gzaEYtmoPNx6wBv,region_shift+time_shift,us-east-1,us-west-2,2025-01-01 11:10:59.319287,2025-01-01 15:10:59.319287,-0.00543,0.02,0.95,[fallback] region_shift+time_shift: estimated 5.4 gCO2e reduction at $0.0200 cost delta.,verified,low,"AWS On-Demand Pricing snapshot 2025-01-15 (m5.large / g4dn.xlarge Linux, public pricing pages)"
333f37c8,az-gTc+W+RSKeQ85NiQvFA0j/OpqG1KhUeq1fnw3KWFyPPXNyEIltjJf9to5nR9IW2g,time_shift,eu-west-1,eu-west-1,2025-01-07 03:51:03.209076,2025-01-07 07:51:03.209076,-2.9e-05,0.0,0.652,[fallback] time_shift: estimated 0.0 gCO2e reduction at $0.0000 cost delta.,verified,low,"AWS On-Demand Pricing snapshot 2025-01-15 (m5.large / g4dn.xlarge Linux, public pricing pages)"
28ca53c0,az-ZIUySMsmni45qXZI6793P3/MeErXeSnirwiXfevkt6vct7UI+EDiHflg/Y9CIE+n,time_shift,us-east-1,us-east-1,2025-01-07 20:25:17.017828,2025-01-08 00:25:17.017828,-0.000182,0.0,0.663,[fallback] time_shift: estimated 0.2 gCO2e reduction at $0.0000 cost delta.,verified,low,"AWS On-Demand Pricing snapshot 2025-01-15 (m5.large / g4dn.xlarge Linux, public pricing pages)"
57edb828,az-VZgEyow8/bZltW43TwrgEbJ2K/KCk/Dav/v2QxsKRSdnYav3WV7vo7aenyZhosEP,time_shift,eu-west-1,eu-west-1,2025-01-05 02:46:52.317666,2025-01-05 06:46:52.317666,-0.028172,0.0,0.773,[fallback] time_shift: estimated 28.2 gCO2e reduction at $0.0000 cost delta.,verified,low,"AWS On-Demand Pricing snapshot 2025-01-15 (m5.large / g4dn.xlarge Linux, public pricing pages)"
de650aca,az-oC7gtJgPpYSKqWwUuD5flRZAjZhXpnt6Je6YOg9tuEgg91H7SId0SUIFw7L/NBD7,region_shift,us-east-1,us-west-2,2025-01-04 09:55:08.265802,2025-01-04 09:55:08.265802,-0.013275,0.02,0.95,[fallback] region_shift: estimated 13.3 gCO2e reduction at $0.0200 cost delta.,verified,low,"AWS On-Demand Pricing snapshot 2025-01-15 (m5.large / g4dn.xlarge Linux, public pricing pages)"
499545bb,az-QAXccT9vVbIhgia4rvBnuPGFH7ZOJV9WHvE1YGY5G/bsAtxZoxS6x92vyCFu1wAy,time_shift,eu-west-1,eu-west-1,2025-01-07 02:10:41.815235,2025-01-07 06:10:41.815235,-6e-05,0.0,0.744,[fallback] time_shift: estimated 0.1 gCO2e reduction at $0.0000 cost delta.,verified,low,"AWS On-Demand Pricing snapshot 2025-01-15 (m5.large / g4dn.xlarge Linux, public pricing pages)"
485b6d97,az-wbQ/uLzVE78gofylGUbfZpC6BuS04My6V9iLaq5kIjWmiH35xXYlJRGpv+chZEDq,region_shift,us-east-1,us-west-2,2025-01-04 09:14:17.698541,2025-01-04 09:14:17.698541,-0.005738,0.02,0.95,[fallback] region_shift: estimated 5.7 gCO2e reduction at $0.0200 cost delta.,verified,low,"AWS On-Demand Pricing snapshot 2025-01-15 (m5.large / g4dn.xlarge Linux, public pricing pages)"
1f3e9956,az-IiA8J2D12TKM4UuG+09VoLebSxQO/z6yW2aM3jKD3pt4tvEX9+9HieArFVvv6Vnr,time_shift,eu-west-1,eu-west-1,2025-01-01 19:28:06.223663,2025-01-01 23:28:06.223663,-3.2e-05,0.0,0.689,[fallback] time_shift: estimated 0.0 gCO2e reduction at $0.0000 cost delta.,verified,low,"AWS On-Demand Pricing snapshot 2025-01-15 (m5.large / g4dn.xlarge Linux, public pricing pages)"
1edde273,az-TH9HW1b79aNVm7H4qY9QnEnlRaBb+1VSELd0a8Lr6y7V3cJ2JduxVWCbx2XlPur7,time_shift,us-west-2,us-west-2,2025-01-06 17:03:24.213938,2025-01-06 21:03:24.213938,-3.4e-05,0.0,0.892,[fallback] time_shift: estimated 0.0 gCO2e reduction at $0.0000 cost delta.,verified,low,"AWS On-Demand Pricing snapshot 2025-01-15 (m5.large / g4dn.xlarge Linux, public pricing pages)"
44a6089b,az-eFbmvDlHv1wL+UtgKIvCr2QvRM/D+Q4XK0OoCBqsUHXSxifUplcj7AKjjP5j9/L4,time_shift,us-west-2,us-west-2,2025-01-03 12:53:40.745543,2025-01-03 16:53:40.745543,-4.8e-05,0.0,0.85,[fallback] time_shift: estimated 0.0 gCO2e reduction at $0.0000 cost delta.,verified,low,"AWS On-Demand Pricing snapshot 2025-01-15 (m5.large / g4dn.xlarge Linux, public pricing pages)"
d1ed3a0a,az-DsfeF1OnM9Nyl1kihMJ/MoREfCFEayB9242LJh+Qmjv4EKLnprDhTnCSjHEIgo/C,region_shift+time_shift,us-east-1,us-west-2,2025-01-02 12:44:20.615883,2025-01-02 16:44:20.615883,-0.005921,0.02,0.95,[fallback] region_shift+time_shift: estimated 5.9 gCO2e reduction at $0.0200 cost delta.,verified,low,"AWS On-Demand Pricing snapshot 2025-01-15 (m5.large / g4dn.xlarge Linux, public pricing pages)"
ba3ed6fc,az-LZIdQUZwwF7MzdTU1ehXLZjVMXkSvE6CxqErc+teUBr0rWSYn3qJ0hE0qkfXXvWa,time_shift,us-west-2,us-west-2,2025-01-04 14:11:51.831442,2025-01-04 18:11:51.831442,-3.4e-05,0.0,0.893,[fallback] time_shift: estimated 0.0 gCO2e reduction at $0.0000 cost delta.,verified,low,"AWS On-Demand Pricing snapshot 2025-01-15 (m5.large / g4dn.xlarge Linux, public pricing pages)"
4042d138,az-9mjtXQnJDoNKyjEeJfgZHdcFkWFno45HHnsRW1e+wflrudp4v4yRkI3vjOVYBMes,time_shift,eu-west-1,eu-west-1,2025-01-02 00:49:00.680713,2025-01-02 04:49:00.680713,-3.7e-05,0.0,0.714,[fallback] time_shift: estimated 0.0 gCO2e reduction at $0.0000 cost delta.,verified,low,"AWS On-Demand Pricing snapshot 2025-01-15 (m5.large / g4dn.xlarge Linux, public pricing pages)"
baeee9a5,az-XmjRW1djRbf8vDH7eWr6ddqkfVrCY8+oMYJPjOkBMEKWH0sPxkADHpwGC6ZuNw9G,region_shift,ap-south-1,us-west-2,2025-01-05 01:54:21.588331,2025-01-05 01:54:21.588331,-0.146511,0.1248,0.95,[fallback] region_shift: estimated 146.5 gCO2e reduction at $0.1248 cost delta.,verified,low,"AWS On-Demand Pricing snapshot 2025-01-15 (m5.large / g4dn.xlarge Linux, public pricing pages)"
5d3da3e8,az-7QGIeSEF87YsJDcolMNF/t8mWIfsTEWJpeX99FDwfpHIhkyPJfX8yq+u28qZnuXD,time_shift,eu-west-1,eu-west-1,2025-01-01 00:00:00.000000,2025-01-01 04:00:00.000000,-0.309724,0.0,0.851,[fallback] time_shift: estimated 309.7 gCO2e reduction at $0.0000 cost delta.,verified,low,"AWS On-Demand Pricing snapshot 2025-01-15 (m5.large / g4dn.xlarge Linux, public pricing pages)"
e9c26f30,az-WP8m9SHs3Pk0LCfE8CNHP1CtKvyMPXUVu+YfNZvAmeETCIgXKDtGK+WISYiP6z3h,region_shift+time_shift,us-east-1,us-west-2,2025-01-01 00:00:00.000000,2025-01-01 16:00:00.000000,-0.697989,1.0,0.95,[fallback] region_shift+time_shift: estimated 698.0 gCO2e reduction at $1.0000 cost delta.,verified,low,"AWS On-Demand Pricing snapshot 2025-01-15 (m5.large / g4dn.xlarge Linux, public pricing pages)"
4903179a,az-EGF5vyAV3zdUGLgMbnUr6LFP7/X/hJ3AJZt8c1EQBTAkw3gxe6sMvjRtd6d47tJ1,time_shift,us-west-2,us-west-2,2025-01-03 14:06:01.750405,2025-01-03 18:06:01.750405,-0.000204,0.0,0.893,[fallback] time_shift: estimated 0.2 gCO2e reduction at $0.0000 cost delta.,verified,low,"AWS On-Demand Pricing snapshot 2025-01-15 (m5.large / g4dn.xlarge Linux, public pricing pages)"
c3c127c4,az-eFORjRq2cZ9RsS2/HjLpO/7DTLyMXqstVSqMTX9aPLeQhb6J26Jm27jbu3WtVKzn,time_shift,eu-west-1,eu-west-1,2025-01-06 17:11:34.327391,2025-01-06 21:11:34.327391,-7.9e-05,0.0,0.691,[fallback] time_shift: estimated 0.1 gCO2e reduction at $0.0000 cost delta.,verified,low,"AWS On-Demand Pricing snapshot 2025-01-15 (m5.large / g4dn.xlarge Linux, public pricing pages)"
863161ef,az-Kl9MMGMCvyaiFxnzzaMmn1KIEk9WVkkS0fDj0+tlBBMyx42XDpc6s+S7rJSEhDel,time_shift,us-west-2,us-west-2,2025-01-02 14:07:11.766613,2025-01-02 18:07:11.766613,-5.7e-05,0.0,0.877,[fallback] time_shift: estimated 0.1 gCO2e reduction at $0.0000 cost delta.,verified,low,"AWS On-Demand Pricing snapshot 2025-01-15 (m5.large / g4dn.xlarge Linux, public pricing pages)"
12808c46,az-q1uGwMeYCm+ZNcxGZciucnbQu0cRz0WkEF5QirAjn7fwc5aLpbW4yPIzFuEuFlOM,time_shift,eu-west-1,eu-west-1,2025-01-01 00:00:00.000000,2025-01-01 04:00:00.000000,-0.076229,0.0,0.851,[fallback] time_shift: estimated 76.2 gCO2e reduction at $0.0000 cost delta.,verified,low,"AWS On-Demand Pricing snapshot 2025-01-15 (m5.large / g4dn.xlarge Linux, public pricing pages)"
3de39f8e,az-Xg5yzpEluU7uvqui6QxgnZSoL5zzt8ahBWez/40Z81fDZYCIxhSJCJpzFWN3x/dS,time_shift,eu-west-1,eu-west-1,2025-01-07 03:31:12.933549,2025-01-07 07:31:12.933549,-8.5e-05,0.0,0.651,[fallback] time_shift: estimated 0.1 gCO2e reduction at $0.0000 cost delta.,verified,low,"AWS On-Demand Pricing snapshot 2025-01-15 (m5.large / g4dn.xlarge Linux, public pricing pages)"
f323690f,az-bCzAGv3XfMjpshQHT9PK9TV88eBNc1skBjivPMQ7usXgpcpPhm8q/OIroQSitb01,region_shift+time_shift,us-east-1,us-west-2,2025-01-04 15:52:13.225284,2025-01-04 19:52:13.225284,-0.008058,0.02,0.95,[fallback] region_shift+time_shift: estimated 8.1 gCO2e reduction at $0.0200 cost delta.,verified,low,"AWS On-Demand Pricing snapshot 2025-01-15 (m5.large / g4dn.xlarge Linux, public pricing pages)"
c69f5942,az-TGj9UBJd+obe4TRTsnJqFXtmYbGK6Y2emobRS8t04B/YdPVfRHIIwfK+G+GfCOH4,region_shift+time_shift,ap-south-1,us-west-2,2025-01-04 01:56:41.620746,2025-01-04 05:56:41.620746,-0.048268,0.094,0.95,[fallback] region_shift+time_shift: estimated 48.3 gCO2e reduction at $0.0940 cost delta.,verified,low,"AWS On-Demand Pricing snapshot 2025-01-15 (m5.large / g4dn.xlarge Linux, public pricing pages)"
5afae2aa,az-+toSrSeKruYjYTBF83SmOo9fWnnKXkLLBJIln9VEPQr/g8EimBFc1FNooZHSbHfg,time_shift,us-west-2,us-west-2,2025-01-06 16:34:13.808752,2025-01-06 20:34:13.808752,-1.7e-05,0.0,0.892,[fallback] time_shift: estimated 0.0 gCO2e reduction at $0.0000 cost delta.,verified,low,"AWS On-Demand Pricing snapshot 2025-01-15 (m5.large / g4dn.xlarge Linux, public pricing pages)"
8beb41d4,az-usa3Wh8LdMIWsSILDzNoBMHqwE5MFOw3yu3+h2zwL10w3fo91O8V7yf2lh2HicbZ,time_shift,eu-west-1,eu-west-1,2025-01-03 23:13:19.351702,2025-01-04 03:13:19.351702,-0.000184,0.0,0.876,[fallback] time_shift: estimated 0.2 gCO2e reduction at $0.0000 cost delta.,verified,low,"AWS On-Demand Pricing snapshot 2025-01-15 (m5.large / g4dn.xlarge Linux, public pricing pages)"
89ccf505,az-E/cenP+QZw1TxbSD84fCTvS5oG6il3DJ4zalJsuEgeGPKKpKQCOZ0vfxG4RZJw+F,time_shift,us-west-2,us-west-2,2025-01-05 17:33:44.635332,2025-01-05 21:33:44.635332,-2.9e-05,0.0,0.884,[fallback] time_shift: estimated 0.0 gCO2e reduction at $0.0000 cost delta.,verified,low,"AWS On-Demand Pricing snapshot 2025-01-15 (m5.large / g4dn.xlarge Linux, public pricing pages)"
0911e616,az-cp66cm0teDruDdpnV5MRl5xmGcfeEUjwZD0PUX2MvtGEi3Kzh9mn3vl8ibMCO0I4,time_shift,eu-west-1,eu-west-1,2025-01-06 01:21:41.134522,2025-01-06 05:21:41.134522,-0.00243,0.0,0.72,[fallback] time_shift: estimated 2.4 gCO2e reduction at $0.0000 cost delta.,verified,low,"AWS On-Demand Pricing snapshot 2025-01-15 (m5.large / g4dn.xlarge Linux, public pricing pages)"
56c647b9,az-FnQmDJXuIhz+hJkyL9gEltbW8v7AK+hpOEYlPuXIzJMIM28K7kwS7/NP+2oACtWn,time_shift,eu-west-1,eu-west-1,2025-01-07 04:26:03.695300,2025-01-07 08:26:03.695300,-0.000476,0.0,0.675,[fallback] time_shift: estimated 0.5 gCO2e reduction at $0.0000 cost delta.,verified,low,"AWS On-Demand Pricing snapshot 2025-01-15 (m5.large / g4dn.xlarge Linux, public pricing pages)"
f8ae15ee,az-41GCpVulXUtyt0m+5oJPBgRcdGJlg5ZOBipZpGt+DVr4d55ZAZMIH3CZuuSt3H+g,region_shift+time_shift,us-east-1,us-west-2,2025-01-01 00:00:00.000000,2025-01-01 16:00:00.000000,-0.697989,1.0,0.95,[fallback] region_shift+time_shift: estimated 698.0 gCO2e reduction at $1.0000 cost delta.,verified,low,"AWS On-Demand Pricing snapshot 2025-01-15 (m5.large / g4dn.xlarge Linux, public pricing pages)"
9e7453d0,az-eE+YKq6Oxj9+kMFFUY1GNFfGLXcZx7ey1tghwr7WelSuII4wzbA3ncZhVLAQkDoK,time_shift,eu-west-1,eu-west-1,2025-01-04 18:37:55.526742,2025-01-04 22:37:55.526742,-6.1e-05,0.0,0.73,[fallback] time_shift: estimated 0.1 gCO2e reduction at $0.0000 cost delta.,verified,low,"AWS On-Demand Pricing snapshot 2025-01-15 (m5.large / g4dn.xlarge Linux, public pricing pages)"
443ffa3b,az-koKcxm6Ju8s7Qx1CL2FtdJH1s9uXc8hdl4lSnvRzF/8PH1dcXrWq+tHQI1TD7XqC,time_shift,eu-west-1,eu-west-1,2025-01-05 21:55:08.265802,2025-01-06 01:55:08.265802,-0.000155,0.0,0.803,[fallback] time_shift: estimated 0.2 gCO2e reduction at $0.0000 cost delta.,verified,low,"AWS On-Demand Pricing snapshot 2025-01-15 (m5.large / g4dn.xlarge Linux, public pricing pages)"
d6003451,az-EQ3x4aNnnQpBK7lCXMFtZ4syFaKoFMlnKZLnWP0kixrMtniYoRKhqMKBwF7AEG5j,time_shift,eu-west-1,eu-west-1,2025-01-05 21:43:28.103728,2025-01-06 01:43:28.103728,-0.183993,0.0,0.803,[fallback] time_shift: estimated 184.0 gCO2e reduction at $0.0000 cost delta.,verified,low,"AWS On-Demand Pricing snapshot 2025-01-15 (m5.large / g4dn.xlarge Linux, public pricing pages)"
83da6ff2,az-p8yeYO+X0u0GCa1igrii1Z2vDEQsYX7TG+5RMEZZaAzOyuVaFDS7rY3IsMBPvuHw,time_shift,us-west-2,us-west-2,2025-01-03 14:59:42.495948,2025-01-03 18:59:42.495948,-2e-05,0.0,0.881,[fallback] time_shift: estimated 0.0 gCO2e reduction at $0.0000 cost delta.,verified,low,"AWS On-Demand Pricing snapshot 2025-01-15 (m5.large / g4dn.xlarge Linux, public pricing pages)"
1afb78a8,az-eoN9NV+5DWYWYuwNc99fQUbne9rb41EPEEjWfhwRmRpN/ZhKAVApDlnfXyWOatxC,time_shift,eu-west-1,eu-west-1,2025-01-02 20:18:16.920583,2025-01-03 00:18:16.920583,-0.000219,0.0,0.776,[fallback] time_shift: estimated 0.2 gCO2e reduction at $0.0000 cost delta.,verified,low,"AWS On-Demand Pricing snapshot 2025-01-15 (m5.large / g4dn.xlarge Linux, public pricing pages)"
32ea51ec,az-LLt4BQVfcmc025qKSPbprSR7UvvFIfaBV6A2jeN5LFDxJcRZ/+RhK/TW/wE81IdL,time_shift,eu-west-1,eu-west-1,2025-01-06 23:56:29.951378,2025-01-07 03:56:29.951378,-0.005861,0.0,0.772,[fallback] time_shift: estimated 5.9 gCO2e reduction at $0.0000 cost delta.,verified,low,"AWS On-Demand Pricing snapshot 2025-01-15 (m5.large / g4dn.xlarge Linux, public pricing pages)"
043d0860,az-OkEDRNfyrVJsMEDOTxHsRj2En11aIh1PS40HXeV+C5utv/vjwfznqKnquj67PgOO,time_shift,eu-west-1,eu-west-1,2025-01-02 15:04:22.560778,2025-01-02 19:04:22.560778,-0.000389,0.0,0.693,[fallback] time_shift: estimated 0.4 gCO2e reduction at $0.0000 cost delta.,verified,low,"AWS On-Demand Pricing snapshot 2025-01-15 (m5.large / g4dn.xlarge Linux, public pricing pages)"
33c52692,az-BV+HXSixAaOnJC/7+CZo5giPTBRxT26qiGZhv9JDDR9inlnGWOlSDf2AUGMB5wtV,region_shift+time_shift,eu-west-1,eu-north-1,2025-01-04 15:26:32.868720,2025-01-04 19:26:32.868720,-0.007236,0.0074,0.949,[fallback] region_shift+time_shift: estimated 7.2 gCO2e reduction at $0.0074 cost delta.,verified,low,"AWS On-Demand Pricing snapshot 2025-01-15 (m5.large / g4dn.xlarge Linux, public pricing pages)"
c9ad6ea7,az-bBqYzkX6FcAnTluS9TqFdVHycnAwm+3SvaZvWWMNstEDYjsBm94sDG7gifrnP+8+,time_shift,us-west-2,us-west-2,2025-01-06 16:15:33.549433,2025-01-06 20:15:33.549433,-0.000472,0.0,0.891,[fallback] time_shift: estimated 0.5 gCO2e reduction at $0.0000 cost delta.,verified,low,"AWS On-Demand Pricing snapshot 2025-01-15 (m5.large / g4dn.xlarge Linux, public pricing pages)"
143fb468,az-P/R9NZxjPHGPM5bchty1/XzcQmz4Xfr16sAdXnWQ1p5BYPB1i+GTXVCt12p/i+Af,time_shift,eu-west-1,eu-west-1,2025-01-07 01:07:40.940032,2025-01-07 05:07:40.940032,-0.00013,0.0,0.773,[fallback] time_shift: estimated 0.1 gCO2e reduction at $0.0000 cost delta.,verified,low,"AWS On-Demand Pricing snapshot 2025-01-15 (m5.large / g4dn.xlarge Linux, public pricing pages)"
0c26ea6e,az-PAvGJS3Syde9rRWGB1dCCWAkqcTrb8Dmhc8d3bNxb9QT0V1i5y/vFaez8yHjiC0g,time_shift,us-east-1,us-east-1,2025-01-07 20:56:47.455429,2025-01-08 00:56:47.455429,-0.000139,0.0,0.664,[fallback] time_shift: estimated 0.1 gCO2e reduction at $0.0000 cost delta.,verified,low,"AWS On-Demand Pricing snapshot 2025-01-15 (m5.large / g4dn.xlarge Linux, public pricing pages)"
fa42c3a3,az-8ohyPwNstyxopQ6o3VB7gl3LyzpLS8dvh8ROuiJjOyLPklpvns0U2PeoSg3s9uru,time_shift,eu-west-1,eu-west-1,2025-01-01 00:00:00.000000,2025-01-01 04:00:00.000000,-0.309724,0.0,0.851,[fallback] time_shift: estimated 309.7 gCO2e reduction at $0.0000 cost delta.,verified,low,"AWS On-Demand Pricing snapshot 2025-01-15 (m5.large / g4dn.xlarge Linux, public pricing pages)"
1e4120ef,az-8nwuVPxTRhXYvDuSJ6v6BXo14iUzYlkDusE0AFMLLhhAR6XaMFgnn/HOyKDL6Tn3,time_shift,eu-west-1,eu-west-1,2025-01-05 23:19:09.432739,2025-01-06 03:19:09.432739,-0.180203,0.0,0.726,[fallback] time_shift: estimated 180.2 gCO2e reduction at $0.0000 cost delta.,verified,low,"AWS On-Demand Pricing snapshot 2025-01-15 (m5.large / g4dn.xlarge Linux, public pricing pages)"
83cf0e06,az-bLbeFbj0p+EAJOK1PxQ57WM6A6DXu01wHmgMn5kS7hGVZ9aEZv7jEiSu50UtK6fv,region_shift,us-east-1,us-west-2,2025-01-02 06:57:45.802269,2025-01-02 06:57:45.802269,-0.021987,0.02,0.95,[fallback] region_shift: estimated 22.0 gCO2e reduction at $0.0200 cost delta.,verified,low,"AWS On-Demand Pricing snapshot 2025-01-15 (m5.large / g4dn.xlarge Linux, public pricing pages)"
829515ae,az-+y9PsZPka5LaVs568yD9t8cUwSRHChPFX7GO1ksENbUdeW3u8cTQ5J4ZsM6aupn2,region_shift+time_shift,us-east-1,us-west-2,2025-01-01 00:53:40.745543,2025-01-01 04:53:40.745543,-0.00788,0.02,0.95,[fallback] region_shift+time_shift: estimated 7.9 gCO2e reduction at $0.0200 cost delta.,verified,low,"AWS On-Demand Pricing snapshot 2025-01-15 (m5.large / g4dn.xlarge Linux, public pricing pages)"
c8e5ddbe,az-wOj9F2OexbvGm8Jgi8BVCuJsY7oKzzCeLj1k5tjkba/gCs5MrhTfCZTRUXA+vjs3,region_shift,us-east-1,us-west-2,2025-01-05 08:19:26.936791,2025-01-05 08:19:26.936791,-0.010262,0.02,0.95,[fallback] region_shift: estimated 10.3 gCO2e reduction at $0.0200 cost delta.,verified,low,"AWS On-Demand Pricing snapshot 2025-01-15 (m5.large / g4dn.xlarge Linux, public pricing pages)"
02e430f1,az-0a++N/sWVWr00YiZeEoP4DSvI3S3c7uiqhCVmYB9FJDEVlRIW/SNTTCHktMYREK3,time_shift,eu-west-1,eu-west-1,2025-01-05 23:19:09.432739,2025-01-06 03:19:09.432739,-4.5e-05,0.0,0.729,[fallback] time_shift: estimated 0.0 gCO2e reduction at $0.0000 cost delta.,verified,low,"AWS On-Demand Pricing snapshot 2025-01-15 (m5.large / g4dn.xlarge Linux, public pricing pages)"
f87ec0b6,az-XkUIwp06u80LYYM2dUXtZOYB2hBWvDfRf5ocJSmEmmxKNqN/LOGZDnPC5NclmcXO,time_shift,eu-west-1,eu-west-1,2025-01-07 14:32:52.123177,2025-01-07 18:32:52.123177,-2.5e-05,0.0,0.641,[fallback] time_shift: estimated 0.0 gCO2e reduction at $0.0000 cost delta.,verified,low,"AWS On-Demand Pricing snapshot 2025-01-15 (m5.large / g4dn.xlarge Linux, public pricing pages)"
876079e9,az-26dYqRI/I22KucPyo/WTF3Mpf1FNPpawKawlLjWz1JSU34mjWffi421DQe95HiJn,region_shift+time_shift,eu-west-1,eu-north-1,2025-01-06 22:56:59.124797,2025-01-07 02:56:59.124797,-0.013665,0.0004,0.95,[fallback] region_shift+time_shift: estimated 13.7 gCO2e reduction at $0.0004 cost delta.,verified,low,"AWS On-Demand Pricing snapshot 2025-01-15 (m5.large / g4dn.xlarge Linux, public pricing pages)"
e8a3a00b,az-ODOdu2VcT6/rALD091F77Dkz6uzYo73VONdiL5EWsXwz1p4L0caq44P+g8W44z+d,time_shift,eu-west-1,eu-west-1,2025-01-01 02:48:02.333874,2025-01-01 06:48:02.333874,-0.000445,0.0,0.736,[fallback] time_shift: estimated 0.4 gCO2e reduction at $0.0000 cost delta.,verified,low,"AWS On-Demand Pricing snapshot 2025-01-15 (m5.large / g4dn.xlarge Linux, public pricing pages)"
9a59132b,az-JJjAacfPrySJzDAqaLQB0gzrh4JyAj3G6PnFhlUopSEF0WBYVI5KGwvfgkzhF7tC,region_shift+time_shift,eu-west-1,us-west-2,2025-01-01 00:00:00.000000,2025-01-01 16:00:00.000000,-0.872626,-1.196,0.95,[fallback] region_shift+time_shift: estimated 872.6 gCO2e reduction at $-1.1960 cost delta.,verified,medium,"AWS On-Demand Pricing snapshot 2025-01-15 (m5.large / g4dn.xlarge Linux, public pricing pages)"
c2683180,az-jrCZcBVIqpN5fqRPxI47MzbfgZYCZmyng+v5u5JIEZbJsXXduJLBTDLyfEX0vSRY,time_shift,eu-west-1,eu-west-1,2025-01-06 18:57:45.802269,2025-01-06 22:57:45.802269,-0.000414,0.0,0.674,[fallback] time_shift: estimated 0.4 gCO2e reduction at $0.0000 cost delta.,verified,low,"AWS On-Demand Pricing snapshot 2025-01-15 (m5.large / g4dn.xlarge Linux, public pricing pages)"
e6edbff6,az-WQ5pC6ky9WK7ojOHMwnzqb8jJsHT39b8aJMoFQCQL6Qlm5gLrPBa7/6OAuuRzEYd,time_shift,us-west-2,us-west-2,2025-01-07 17:32:34.619125,2025-01-07 21:32:34.619125,-6.8e-05,0.0,0.893,[fallback] time_shift: estimated 0.1 gCO2e reduction at $0.0000 cost delta.,verified,low,"AWS On-Demand Pricing snapshot 2025-01-15 (m5.large / g4dn.xlarge Linux, public pricing pages)"
ae5aa597,az-V5gf05AGEaRTtkimuV2/Dg9KYN/tbKjTtJOvAfxEIu++Jy7IbiRp94MYaguEckLG,time_shift,eu-west-1,eu-west-1,2025-01-03 17:23:14.489465,2025-01-03 21:23:14.489465,-3.6e-05,0.0,0.649,[fallback] time_shift: estimated 0.0 gCO2e reduction at $0.0000 cost delta.,verified,low,"AWS On-Demand Pricing snapshot 2025-01-15 (m5.large / g4dn.xlarge Linux, public pricing pages)"
f8f5f717,az-Pbb+yIV10IkpDJwvdU51DswCqrBPymaGSQdFwB3p0aPSa6hQwEXOqOErmzd87AxT,region_shift+time_shift,us-east-1,us-west-2,2025-01-07 06:35:35.494327,2025-01-07 10:35:35.494327,-0.008828,0.02,0.95,[fallback] region_shift+time_shift: estimated 8.8 gCO2e reduction at $0.0200 cost delta.,verified,low,"AWS On-Demand Pricing snapshot 2025-01-15 (m5.large / g4dn.xlarge Linux, public pricing pages)"
559fd879,az-9asg90chtjWnK4es+65ciwsxFcWfr50ujvtUJJkBMe5o+3HeV5XeRxxc5vPOe1gS,time_shift,eu-west-1,eu-west-1,2025-01-05 19:03:35.883306,2025-01-05 23:03:35.883306,-2.9e-05,0.0,0.675,[fallback] time_shift: estimated 0.0 gCO2e reduction at $0.0000 cost delta.,verified,low,"AWS On-Demand Pricing snapshot 2025-01-15 (m5.large / g4dn.xlarge Linux, public pricing pages)"
ce234e2d,az-zEOSqO4xNwxP81IppdJtcq1XBQFBkfknlfBNNHP+aWiLKYM7wkBWDy4I9iO15yV3,time_shift,us-west-2,us-west-2,2025-01-06 17:12:44.343598,2025-01-06 21:12:44.343598,-7.9e-05,0.0,0.895,[fallback] time_shift: estimated 0.1 gCO2e reduction at $0.0000 cost delta.,verified,low,"AWS On-Demand Pricing snapshot 2025-01-15 (m5.large / g4dn.xlarge Linux, public pricing pages)"
e529665c,az-yYz8fvrgDOQztJlBH0hyxoB3VeeM6XBpsr6YmthqYSJaO/1b0ZmFeqQTOcRp8zDu,time_shift,us-west-2,us-west-2,2025-01-07 17:50:04.862237,2025-01-07 21:50:04.862237,-0.000743,0.0,0.891,[fallback] time_shift: estimated 0.7 gCO2e reduction at $0.0000 cost delta.,verified,low,"AWS On-Demand Pricing snapshot 2025-01-15 (m5.large / g4dn.xlarge Linux, public pricing pages)"
695d06c0,az-9O/Yfz8h1b9im19U57oJcIn9Jt8y6JWjSKbcNyqvWn5ff6Mtz2Jt7vTibn15YCzT,time_shift,us-west-2,us-west-2,2025-01-06 17:03:24.213938,2025-01-06 21:03:24.213938,-4e-05,0.0,0.884,[fallback] time_shift: estimated 0.0 gCO2e reduction at $0.0000 cost delta.,verified,low,"AWS On-Demand Pricing snapshot 2025-01-15 (m5.large / g4dn.xlarge Linux, public pricing pages)"
eccf719d,az-oT8z734a9UdxU6zpDJUKz1OZ7dlbbokBFqGk3HDrcgKiZOg5LuQ5g2xI/4qWrdxM,time_shift,eu-west-1,eu-west-1,2025-01-04 23:47:09.821718,2025-01-05 03:47:09.821718,-0.000129,0.0,0.771,[fallback] time_shift: estimated 0.1 gCO2e reduction at $0.0000 cost delta.,verified,low,"AWS On-Demand Pricing snapshot 2025-01-15 (m5.large / g4dn.xlarge Linux, public pricing pages)"
b721c980,az-upaUn3Y/j6aYze+Y4JLyhtZJUFA8PE7hbk80BHWBxgXbBztcqSJqqpBQSQeA7lnZ,time_shift,eu-west-1,eu-west-1,2025-01-01 00:00:00.000000,2025-01-01 04:00:00.000000,-0.309724,0.0,0.851,[fallback] time_shift: estimated 309.7 gCO2e reduction at $0.0000 cost delta.,verified,low,"AWS On-Demand Pricing snapshot 2025-01-15 (m5.large / g4dn.xlarge Linux, public pricing pages)"
1b8c01b1,az-shQa2kNK1zXhm6cp20hEM+HXD00HeVqmm61W0ZdzwayRjy9rezjfb01YH7LKCgha,region_shift+time_shift,us-east-1,us-west-2,2025-01-01 00:00:00.000000,2025-01-01 16:00:00.000000,-0.697989,1.0,0.95,[fallback] region_shift+time_shift: estimated 698.0 gCO2e reduction at $1.0000 cost delta.,verified,low,"AWS On-Demand Pricing snapshot 2025-01-15 (m5.large / g4dn.xlarge Linux, public pricing pages)"
a316cc10,az-BESBQb3QJCHy1LvDoVXj0lxToUvR/hXq6bOfsUCNh+d1U/fVEtObqY0NrFi7j5LR,time_shift,eu-west-1,eu-west-1,2025-01-02 20:38:07.196110,2025-01-03 00:38:07.196110,-0.026374,0.0,0.775,[fallback] time_shift: estimated 26.4 gCO2e reduction at $0.0000 cost delta.,verified,low,"AWS On-Demand Pricing snapshot 2025-01-15 (m5.large / g4dn.xlarge Linux, public pricing pages)"
22e5968a,az-U4yXCOPRc5sgW0j5HqhXUvm5SPuaeFGmBfmohx92ClPGZS4P6yb7BmqyNJFWPtTd,time_shift,eu-west-1,eu-west-1,2025-01-05 02:27:02.042139,2025-01-05 06:27:02.042139,-0.000111,0.0,0.773,[fallback] time_shift: estimated 0.1 gCO2e reduction at $0.0000 cost delta.,verified,low,"AWS On-Demand Pricing snapshot 2025-01-15 (m5.large / g4dn.xlarge Linux, public pricing pages)"
223e1b32,az-FJyatgAFsPkkax7gIQIcQ9ziJD44DrBvPPTJyP10gZT+SEFmtadCXQdV4Idst9kj,region_shift+time_shift,us-east-1,us-west-2,2025-01-06 04:48:14.003241,2025-01-06 08:48:14.003241,-0.00578,0.02,0.95,[fallback] region_shift+time_shift: estimated 5.8 gCO2e reduction at $0.0200 cost delta.,verified,low,"AWS On-Demand Pricing snapshot 2025-01-15 (m5.large / g4dn.xlarge Linux, public pricing pages)"
5ed17723,az-GYJKkdOkx44jdQ1Jm8eTPRKl2V0TrY1w92/yldOnvgWh8TFfQqv9EsJKlzJohlpD,region_shift+time_shift,us-east-1,us-west-2,2025-01-01 00:00:00.000000,2025-01-01 16:00:00.000000,-0.697989,1.0,0.95,[fallback] region_shift+time_shift: estimated 698.0 gCO2e reduction at $1.0000 cost delta.,verified,low,"AWS On-Demand Pricing snapshot 2025-01-15 (m5.large / g4dn.xlarge Linux, public pricing pages)"
df70fe8a,az-8C4U+UoVrFviYu99Lc3/NTgwppPuhp+Yi4pFXg+10TYWrXlylZGJ0YC1tPP1biyR,region_shift,us-east-1,us-west-2,2025-01-03 07:31:36.272285,2025-01-03 07:31:36.272285,-0.006222,0.02,0.95,[fallback] region_shift: estimated 6.2 gCO2e reduction at $0.0200 cost delta.,verified,low,"AWS On-Demand Pricing snapshot 2025-01-15 (m5.large / g4dn.xlarge Linux, public pricing pages)"
8a99b29e,az-qMZD8Qxfa0rqNy1nCth4B2yyL9HxAoZZigNodKMhIQZ84p+ATk+950r+pfUWZWQp,time_shift,eu-west-1,eu-west-1,2025-01-01 17:44:14.781199,2025-01-01 21:44:14.781199,-0.000182,0.0,0.648,[fallback] time_shift: estimated 0.2 gCO2e reduction at $0.0000 cost delta.,verified,low,"AWS On-Demand Pricing snapshot 2025-01-15 (m5.large / g4dn.xlarge Linux, public pricing pages)"
a5a0584c,az-YKNuEkPxeYauWF4BS7d/wYRjtnS8e54wcGI4BLjHilBAVg7rFXGuMVPQ7/oq9PaV,region_shift+time_shift,us-east-1,us-west-2,2025-01-02 12:02:20.032415,2025-01-02 16:02:20.032415,-0.005591,0.02,0.95,[fallback] region_shift+time_shift: estimated 5.6 gCO2e reduction at $0.0200 cost delta.,verified,low,"AWS On-Demand Pricing snapshot 2025-01-15 (m5.large / g4dn.xlarge Linux, public pricing pages)"
a69eb81c,az-fNhevNIcy5qCyQdC/TjsSYiCTRjfL07gRQ1eiAHVHleqqNoDqaL/Z/yfH1NQIfsO,region_shift+time_shift,eu-west-1,us-west-2,2025-01-01 00:00:00.000000,2025-01-01 16:00:00.000000,-1.745252,-4.892,0.95,[fallback] region_shift+time_shift: estimated 1745.3 gCO2e reduction at $-4.8920 cost delta.,verified,medium,"AWS On-Demand Pricing snapshot 2025-01-15 (m5.large / g4dn.xlarge Linux, public pricing pages)"
d804b14a,az-Zs7wtTAZ/V15F+6XxbM/G8D0MiVdggN1lAojw5wlRyyyM7I5haRCu0ILNvN1ufMM,time_shift,us-west-2,us-west-2,2025-01-07 17:16:14.392220,2025-01-07 21:16:14.392220,-6.8e-05,0.0,0.893,[fallback] time_shift: estimated 0.1 gCO2e reduction at $0.0000 cost delta.,verified,low,"AWS On-Demand Pricing snapshot 2025-01-15 (m5.large / g4dn.xlarge Linux, public pricing pages)"
1f974726,az-vS6qUnaH9vGUFBE0VJ9mcDj5SnzrMRAPmQe6BthwMUNf9wgNvCgxUcIf1lK1yFfK,time_shift,eu-west-1,eu-west-1,2025-01-06 01:54:21.588331,2025-01-06 05:54:21.588331,-3e-05,0.0,0.72,[fallback] time_shift: estimated 0.0 gCO2e reduction at $0.0000 cost delta.,verified,low,"AWS On-Demand Pricing snapshot 2025-01-15 (m5.large / g4dn.xlarge Linux, public pricing pages)"
d7d8fc57,az-SHdO1a9eLeKddpKaWFOm2v9chUeP6BaLSIMLZ2Ccamn7kLdBkhR2q4aKwq9xbIoR,time_shift,us-west-2,us-west-2,2025-01-04 14:41:02.236629,2025-01-04 18:41:02.236629,-0.000101,0.0,0.892,[fallback] time_shift: estimated 0.1 gCO2e reduction at $0.0000 cost delta.,verified,low,"AWS On-Demand Pricing snapshot 2025-01-15 (m5.large / g4dn.xlarge Linux, public pricing pages)"
b23ef136,az-lzBiTCTfCeWhErZAq+HdHq/YMKkrlelUfuYNE4dQkpakvSqAMYElMb3bWkWIpOfH,time_shift,eu-west-1,eu-west-1,2025-01-01 20:38:07.196110,2025-01-02 00:38:07.196110,-3.9e-05,0.0,0.703,[fallback] time_shift: estimated 0.0 gCO2e reduction at $0.0000 cost delta.,verified,low,"AWS On-Demand Pricing snapshot 2025-01-15 (m5.large / g4dn.xlarge Linux, public pricing pages)"
cfaa6680,az-aRZ2mhzs9dPPuQH7YSCHOCfBKS0zwwhF4/xoyyKQ9k1GB3RuLmuW40d3gsfti1hn,time_shift,eu-west-1,eu-west-1,2025-01-05 22:47:38.995138,2025-01-06 02:47:38.995138,-0.000446,0.0,0.698,[fallback] time_shift: estimated 0.4 gCO2e reduction at $0.0000 cost delta.,verified,low,"AWS On-Demand Pricing snapshot 2025-01-15 (m5.large / g4dn.xlarge Linux, public pricing pages)"
c6c1291e,az-2cpSY7rejGwToaUjOiFsmrL4H1kJw86Lug55NdfCjB1dhowRbEBtUpiDD4jnTefu,region_shift,eu-west-1,eu-north-1,2025-01-07 12:18:40.259319,2025-01-07 12:18:40.259319,-0.004477,0.0122,0.95,[fallback] region_shift: estimated 4.5 gCO2e reduction at $0.0122 cost delta.,verified,low,"AWS On-Demand Pricing snapshot 2025-01-15 (m5.large / g4dn.xlarge Linux, public pricing pages)"
d93619cd,az-LvLg03i0AD7BQTBUlWnhNxBWOB4K8L/MaLxuqlm8EbRvO9h+fs5W4hrJsXdEQkxY,time_shift,eu-west-1,eu-west-1,2025-01-01 08:29:57.082658,2025-01-01 12:29:57.082658,-2.7e-05,0.0,0.701,[fallback] time_shift: estimated 0.0 gCO2e reduction at $0.0000 cost delta.,verified,low,"AWS On-Demand Pricing snapshot 2025-01-15 (m5.large / g4dn.xlarge Linux, public pricing pages)"
09311a58,az-m04mQSDEZAWgyN9ryNnAyIwL2piVMM0t1Cj7xxHey/jTslqPBlfBAaOCDwmzBXHg,region_shift,us-east-1,us-west-2,2025-01-01 04:42:23.922204,2025-01-01 04:42:23.922204,-0.009845,0.02,0.95,[fallback] region_shift: estimated 9.8 gCO2e reduction at $0.0200 cost delta.,verified,low,"AWS On-Demand Pricing snapshot 2025-01-15 (m5.large / g4dn.xlarge Linux, public pricing pages)"
5ae84ca0,az-KI8rEo2z0L5pTgwSW/xnv4X1RrRvf3YaRjdfs+VB6Ei/zdVJnMLgTA48LQVkZ74h,time_shift,eu-west-1,eu-west-1,2025-01-05 19:36:16.337115,2025-01-05 23:36:16.337115,-0.000138,0.0,0.678,[fallback] time_shift: estimated 0.1 gCO2e reduction at $0.0000 cost delta.,verified,low,"AWS On-Demand Pricing snapshot 2025-01-15 (m5.large / g4dn.xlarge Linux, public pricing pages)"
30f90a91,az-CLBC69j96rbjWDY93Psk9amN0SfCBOFzEXALgOTT6RyqAmLaJ+HXk1KqiCUpTOHp,time_shift,eu-west-1,eu-west-1,2025-01-03 21:42:18.087520,2025-01-04 01:42:18.087520,-0.000107,0.0,0.762,[fallback] time_shift: estimated 0.1 gCO2e reduction at $0.0000 cost delta.,verified,low,"AWS On-Demand Pricing snapshot 2025-01-15 (m5.large / g4dn.xlarge Linux, public pricing pages)"
2ac168a8,az-glw55JNjYD1Sl+C3qWFeHbZ22+W+jWmN50vf3E7snIbBb6+kHAqL9NndvA4Vb0vk,region_shift,us-east-1,us-west-2,2025-01-07 01:42:41.426256,2025-01-07 01:42:41.426256,-0.014591,0.02,0.95,[fallback] region_shift: estimated 14.6 gCO2e reduction at $0.0200 cost delta.,verified,low,"AWS On-Demand Pricing snapshot 2025-01-15 (m5.large / g4dn.xlarge Linux, public pricing pages)"
ea9684fb,az-FDtOmjbvkO19aI1lP6nhABI1+AUdYKw1Gb1eaDmHsP2IFLmewYexv2l/ZnfgAOoi,region_shift,us-east-1,us-west-2,2025-01-05 08:27:37.050243,2025-01-05 08:27:37.050243,-0.010594,0.02,0.95,[fallback] region_shift: estimated 10.6 gCO2e reduction at $0.0200 cost delta.,verified,low,"AWS On-Demand Pricing snapshot 2025-01-15 (m5.large / g4dn.xlarge Linux, public pricing pages)"
8adc624c,az-ueEeex//9hlLVsxYOhQPRZuUROWphZb4QALhPWf3t/OoHNJnmZn7OiTeWn1f8zGn,region_shift+time_shift,us-east-1,us-west-2,2025-01-05 15:52:13.225284,2025-01-05 19:52:13.225284,-0.007072,0.02,0.95,[fallback] region_shift+time_shift: estimated 7.1 gCO2e reduction at $0.0200 cost delta.,verified,low,"AWS On-Demand Pricing snapshot 2025-01-15 (m5.large / g4dn.xlarge Linux, public pricing pages)"
4b0f0077,az-7P9AiiJ/dtN+rZUN+ss4gvTEsw3fnhgP+27CJZyA5uQDX/W9GAiPhdyrKlMDg59i,region_shift+time_shift,us-east-1,us-west-2,2025-01-04 02:03:41.717990,2025-01-04 06:03:41.717990,-0.010581,0.02,0.95,[fallback] region_shift+time_shift: estimated 10.6 gCO2e reduction at $0.0200 cost delta.,verified,low,"AWS On-Demand Pricing snapshot 2025-01-15 (m5.large / g4dn.xlarge Linux, public pricing pages)"
e3daaae2,az-CPyAsY43NIKLAsTz7WbWdSIR8QKy+cfg2158SDU3tFhnWN6mAKceuNyxOD0Nf3OU,time_shift,eu-west-1,eu-west-1,2025-01-01 00:00:00.000000,2025-01-01 04:00:00.000000,-0.309724,0.0,0.851,[fallback] time_shift: estimated 309.7 gCO2e reduction at $0.0000 cost delta.,verified,low,"AWS On-Demand Pricing snapshot 2025-01-15 (m5.large / g4dn.xlarge Linux, public pricing pages)"
82917523,az-TOkd8g82K6i1hOcIrlyc7a4Y+AZJDADATkv5pauwUnXuIzYjeYvI2rLbgaP6E9G5,region_shift+time_shift,eu-west-1,eu-north-1,2025-01-04 03:56:53.290113,2025-01-04 07:56:53.290113,-0.002438,0.0085,0.94,[fallback] region_shift+time_shift: estimated 2.4 gCO2e reduction at $0.0085 cost delta.,verified,low,"AWS On-Demand Pricing snapshot 2025-01-15 (m5.large / g4dn.xlarge Linux, public pricing pages)"
e5e9202d,az-3vwftBXTSuYise1QxErB4ItBASXgrc+EoeULyp/FnGpyJwJ/ANV/tDrYRDzMMtSW,region_shift+time_shift,us-east-1,us-west-2,2025-01-01 00:00:00.000000,2025-01-01 16:00:00.000000,-0.697989,1.0,0.95,[fallback] region_shift+time_shift: estimated 698.0 gCO2e reduction at $1.0000 cost delta.,verified,low,"AWS On-Demand Pricing snapshot 2025-01-15 (m5.large / g4dn.xlarge Linux, public pricing pages)"
a233809d,az-wxzw3YJj5Dbk5p1I9qyF9kbJjdia72tF6SpRUmcLxq3qPchRPVkQ5AmeHfzR5ZNz,time_shift,eu-west-1,eu-west-1,2025-01-07 15:27:42.884927,2025-01-07 19:27:42.884927,-0.000184,0.0,0.691,[fallback] time_shift: estimated 0.2 gCO2e reduction at $0.0000 cost delta.,verified,low,"AWS On-Demand Pricing snapshot 2025-01-15 (m5.large / g4dn.xlarge Linux, public pricing pages)"
be63e209,az-5Jo/fsdYSfE+igQrMpSwsrHAYqDA1uwPZXn8+JXelPaf45JRV4aU6N0T5Du4QrY5,time_shift,ap-south-1,ap-south-1,2025-01-03 20:40:27.228525,2025-01-04 00:40:27.228525,-0.001418,0.0,0.822,[fallback] time_shift: estimated 1.4 gCO2e reduction at $0.0000 cost delta.,verified,low,"AWS On-Demand Pricing snapshot 2025-01-15 (m5.large / g4dn.xlarge Linux, public pricing pages)"
7946bb6d,az-vBHzBXqCFwIWlRut4iVnEHGjXj4JLyZcXGNrgpAhq8WRbKeKyQykvMvPmS8mfLF4,time_shift,eu-west-1,eu-west-1,2025-01-01 00:03:30.048622,2025-01-01 04:03:30.048622,-0.000107,0.0,0.853,[fallback] time_shift: estimated 0.1 gCO2e reduction at $0.0000 cost delta.,verified,low,"AWS On-Demand Pricing snapshot 2025-01-15 (m5.large / g4dn.xlarge Linux, public pricing pages)"
4e89150c,az-Ir0mk9ZGhpk7lHwoYc2nRntkPX3kgyekK+aQzG9/L5sHphRzqNCNGvpNAuu7leUf,time_shift,us-west-2,us-west-2,2025-01-06 16:42:23.922204,2025-01-06 20:42:23.922204,-3.4e-05,0.0,0.893,[fallback] time_shift: estimated 0.0 gCO2e reduction at $0.0000 cost delta.,verified,low,"AWS On-Demand Pricing snapshot 2025-01-15 (m5.large / g4dn.xlarge Linux, public pricing pages)"
a75e4fef,az-/5X+XNhZtuXGbiWpShm5rWFA6FXUMgDVfVhHUX9GQ4gbtvyLkCTPTvZA3P97VFC3,time_shift,eu-west-1,eu-west-1,2025-01-05 21:17:47.747164,2025-01-06 01:17:47.747164,-0.000176,0.0,0.803,[fallback] time_shift: estimated 0.2 gCO2e reduction at $0.0000 cost delta.,verified,low,"AWS On-Demand Pricing snapshot 2025-01-15 (m5.large / g4dn.xlarge Linux, public pricing pages)"
54ac819c,az-4i6Gk8hDlzwx2IW3zBXJJiT5svNXIzAFKgxA8ZpR7sdxztmzWm1mbolhqIURl2+3,time_shift,eu-west-1,eu-west-1,2025-01-02 18:29:45.413290,2025-01-02 22:29:45.413290,-0.07698,0.0,0.775,[fallback] time_shift: estimated 77.0 gCO2e reduction at $0.0000 cost delta.,verified,low,"AWS On-Demand Pricing snapshot 2025-01-15 (m5.large / g4dn.xlarge Linux, public pricing pages)"
f2b42d94,az-aA8UFJdRi3ApMWigDvG5fG7CB8J1PJgRx9i9RF/1AY5Ab7T1PmmcbjbLg1703Rfc,time_shift,eu-west-1,eu-west-1,2025-01-03 22:33:38.800648,2025-01-04 02:33:38.800648,-7.2e-05,0.0,0.797,[fallback] time_shift: estimated 0.1 gCO2e reduction at $0.0000 cost delta.,verified,low,"AWS On-Demand Pricing snapshot 2025-01-15 (m5.large / g4dn.xlarge Linux, public pricing pages)"
a1afb718,az-HJ+8obQkp2qE7OnhMY0uJOk+d39k8BDqYkcDS2cGgH6rUioWm8oGhhAeJgxeLazT,region_shift+time_shift,us-east-1,us-west-2,2025-01-01 00:00:00.000000,2025-01-01 16:00:00.000000,-0.697989,1.0,0.95,[fallback] region_shift+time_shift: estimated 698.0 gCO2e reduction at $1.0000 cost delta.,verified,low,"AWS On-Demand Pricing snapshot 2025-01-15 (m5.large / g4dn.xlarge Linux, public pricing pages)"
b4f31b16,az-SiaDtlUkCDVYgZYvq6M+Ck523sJEesHo+wbLQyh9M6GLjYG5w/ywkdlAqfcnlTbV,region_shift,us-east-1,us-west-2,2025-01-07 08:24:07.001621,2025-01-07 08:24:07.001621,-0.014115,0.02,0.95,[fallback] region_shift: estimated 14.1 gCO2e reduction at $0.0200 cost delta.,verified,low,"AWS On-Demand Pricing snapshot 2025-01-15 (m5.large / g4dn.xlarge Linux, public pricing pages)"
41b5a199,az-5j4xVV6sHAmQR4llKjjikqKvbqDamr9YYw9fMUQoczNyBTRHm64CBevzW3ejDf0r,time_shift,eu-west-1,eu-west-1,2025-01-04 19:35:06.320908,2025-01-04 23:35:06.320908,-9.6e-05,0.0,0.709,[fallback] time_shift: estimated 0.1 gCO2e reduction at $0.0000 cost delta.,verified,low,"AWS On-Demand Pricing snapshot 2025-01-15 (m5.large / g4dn.xlarge Linux, public pricing pages)"
96a3ca52,az-BtdWUsvjNvkMSkhwtfuBJjQ+X8Z8yz/sbuPNMbeHJrDB7OoXyImSkb06agSYPZKW,time_shift,eu-west-1,eu-west-1,2025-01-04 11:15:39.384117,2025-01-04 15:15:39.384117,-0.000173,0.0,0.653,[fallback] time_shift: estimated 0.2 gCO2e reduction at $0.0000 cost delta.,verified,low,"AWS On-Demand Pricing snapshot 2025-01-15 (m5.large / g4dn.xlarge Linux, public pricing pages)"
317d3fed,az-J2A77WhX7I9Ttagb6fcBRxr+tZxprE2HBX26bgZ0q+WIqaI4AKCFjgrnykGucukO,time_shift,eu-west-1,eu-west-1,2025-01-06 23:34:19.643436,2025-01-07 03:34:19.643436,-0.000286,0.0,0.773,[fallback] time_shift: estimated 0.3 gCO2e reduction at $0.0000 cost delta.,verified,low,"AWS On-Demand Pricing snapshot 2025-01-15 (m5.large / g4dn.xlarge Linux, public pricing pages)"
29f18428,az-bCoG+hRXXqyWXi9i4HH9afzGDAPPZPXMK1O95TMS6h/Mh4zNsXs/+fTi/zjDmcSx,region_shift,eu-west-1,eu-north-1,2025-01-02 08:54:27.423015,2025-01-02 08:54:27.423015,-0.003263,0.0127,0.95,[fallback] region_shift: estimated 3.3 gCO2e reduction at $0.0127 cost delta.,verified,low,"AWS On-Demand Pricing snapshot 2025-01-15 (m5.large / g4dn.xlarge Linux, public pricing pages)"
956bb973,az-togLR5tMCA6Wcg5AvZ3ODwSpyyupXv/+2lAmEAyBGfBPSFNq4UuzwOnkgVf04tMu,time_shift,us-west-2,us-west-2,2025-01-06 16:30:43.760130,2025-01-06 20:30:43.760130,-3.4e-05,0.0,0.893,[fallback] time_shift: estimated 0.0 gCO2e reduction at $0.0000 cost delta.,verified,low,"AWS On-Demand Pricing snapshot 2025-01-15 (m5.large / g4dn.xlarge Linux, public pricing pages)"
188f6030,az-lPtF0eyNzBgxdcFcm8qkv072eKAYAIxNWXiu668VtYOg5S2S2pJYpjMjbZuHhjWI,time_shift,eu-west-1,eu-west-1,2025-01-04 21:07:17.601297,2025-01-05 01:07:17.601297,-0.00015,0.0,0.81,[fallback] time_shift: estimated 0.1 gCO2e reduction at $0.0000 cost delta.,verified,low,"AWS On-Demand Pricing snapshot 2025-01-15 (m5.large / g4dn.xlarge Linux, public pricing pages)"
1d6e4d70,az-j9ug8J4iS5tB3vV3VEZr334fxNunPF6rpLlvOsSlGrePpePNp6OsVtbQUfVeQ3Bh,region_shift,us-east-1,us-west-2,2025-01-01 20:21:46.969206,2025-01-01 20:21:46.969206,-0.011356,0.02,0.95,[fallback] region_shift: estimated 11.4 gCO2e reduction at $0.0200 cost delta.,verified,low,"AWS On-Demand Pricing snapshot 2025-01-15 (m5.large / g4dn.xlarge Linux, public pricing pages)"
d0bf7b46,az-y2gV4NkMAUJgKSqeRQzRowBxx9tUSUSz5g4fpRcH80jQhzzwueAMSFsPt6pE4KdC,time_shift,ap-south-1,ap-south-1,2025-01-03 20:25:17.017828,2025-01-04 00:25:17.017828,-0.000811,0.0,0.822,[fallback] time_shift: estimated 0.8 gCO2e reduction at $0.0000 cost delta.,verified,low,"AWS On-Demand Pricing snapshot 2025-01-15 (m5.large / g4dn.xlarge Linux, public pricing pages)"
55e5ffa8,az-DAgA0yzpr/wLrE4U6DoPQ/zuFT/79rPdu7176iGBYitPCE1OD0yyCVVOp+IYOPwE,time_shift,us-west-2,us-west-2,2025-01-05 16:35:23.824959,2025-01-05 20:35:23.824959,-3.4e-05,0.0,0.89,[fallback] time_shift: estimated 0.0 gCO2e reduction at $0.0000 cost delta.,verified,low,"AWS On-Demand Pricing snapshot 2025-01-15 (m5.large / g4dn.xlarge Linux, public pricing pages)"
83cfca2d,az-zR8BzD/cz4cKVkwKmkfTiwAiIIqTddy/QGsp0s2M/w7nhXUM72Bj76DwjARnLFBz,time_shift,eu-west-1,eu-west-1,2025-01-02 20:52:07.390600,2025-01-03 00:52:07.390600,-0.00011,0.0,0.777,[fallback] time_shift: estimated 0.1 gCO2e reduction at $0.0000 cost delta.,verified,low,"AWS On-Demand Pricing snapshot 2025-01-15 (m5.large / g4dn.xlarge Linux, public pricing pages)"
80171d76,az-LAOH8l/WGH75KWkI4jsHo6COhE/7SGuWfx/aWTLdtvouqB9QeUB+qm15wQS1lC9L,region_shift+time_shift,eu-west-1,us-west-2,2025-01-01 12:40:50.567261,2025-01-01 16:40:50.567261,-2.08205,-8.4236,0.95,[fallback] region_shift+time_shift: estimated 2082.1 gCO2e reduction at $-8.4236 cost delta.,verified,high,"AWS On-Demand Pricing snapshot 2025-01-15 (m5.large / g4dn.xlarge Linux, public pricing pages)"
4f12549f,az-N/sWAUXbkefuQ3Zq+weOhrIChCIr681HpUeA904DqJNV/xLAPm6pkJB3FpKvbxdD,time_shift,eu-west-1,eu-west-1,2025-01-03 22:25:28.687196,2025-01-04 02:25:28.687196,-0.000122,0.0,0.797,[fallback] time_shift: estimated 0.1 gCO2e reduction at $0.0000 cost delta.,verified,low,"AWS On-Demand Pricing snapshot 2025-01-15 (m5.large / g4dn.xlarge Linux, public pricing pages)"
39941ba4,az-t8q3KjMnf+zd4wRUOh/4c4bLAP27A8oUrVPFg3wvoZklr1v9ytWLWr0iIftdvndm,time_shift,eu-west-1,eu-west-1,2025-01-03 03:25:22.852512,2025-01-03 07:25:22.852512,-3.2e-05,0.0,0.677,[fallback] time_shift: estimated 0.0 gCO2e reduction at $0.0000 cost delta.,verified,low,"AWS On-Demand Pricing snapshot 2025-01-15 (m5.large / g4dn.xlarge Linux, public pricing pages)"
604ff42d,az-s+CIfHdAM8LmzA5bE+ZMcIpnB6lIzWg9ar+a778+41wbVda3Mrftu9i+49nOkGrr,time_shift,eu-west-1,eu-west-1,2025-01-02 21:55:08.265802,2025-01-03 01:55:08.265802,-0.000346,0.0,0.784,[fallback] time_shift: estimated 0.3 gCO2e reduction at $0.0000 cost delta.,verified,low,"AWS On-Demand Pricing snapshot 2025-01-15 (m5.large / g4dn.xlarge Linux, public pricing pages)"
e8cd8376,az-hSnGJ1UDmtXah7TPozw04ry8irjPgm5cUG5Yk/GKe1wjvLJZIRzEgJZ73pq+GOMn,region_shift,us-east-1,us-west-2,2025-01-01 18:06:25.089141,2025-01-01 18:06:25.089141,-0.012051,0.02,0.95,[fallback] region_shift: estimated 12.1 gCO2e reduction at $0.0200 cost delta.,verified,low,"AWS On-Demand Pricing snapshot 2025-01-15 (m5.large / g4dn.xlarge Linux, public pricing pages)"
a9f26008,az-sUbqIx74kFwTcHH9T0rzoXioq/Ebrka53+AKV/pW+/rQsseA65vmS4B6iwm0L4/E,region_shift+time_shift,us-east-1,us-west-2,2025-01-01 00:00:00.000000,2025-01-01 16:00:00.000000,-0.697989,1.0,0.95,[fallback] region_shift+time_shift: estimated 698.0 gCO2e reduction at $1.0000 cost delta.,verified,low,"AWS On-Demand Pricing snapshot 2025-01-15 (m5.large / g4dn.xlarge Linux, public pricing pages)"
aac47635,az-ZALtrs13zeuRKSmNE/QSsvEMO5Q1bkwP1gAji0sXm1887/5v+aDIruDn+bcfWVsG,time_shift,eu-west-1,eu-west-1,2025-01-02 21:24:47.844408,2025-01-03 01:24:47.844408,-0.000519,0.0,0.785,[fallback] time_shift: estimated 0.5 gCO2e reduction at $0.0000 cost delta.,verified,low,"AWS On-Demand Pricing snapshot 2025-01-15 (m5.large / g4dn.xlarge Linux, public pricing pages)"
9e5d2f12,az-J+BKsQlPLyCJZc41Nwwnu0UUWVWpVIOcqgY0Ws7Es7V0gZwXPb4GdBlLofyFHQzY,time_shift,us-west-2,us-west-2,2025-01-03 14:43:22.269044,2025-01-03 18:43:22.269044,-0.000981,0.0,0.892,[fallback] time_shift: estimated 1.0 gCO2e reduction at $0.0000 cost delta.,verified,low,"AWS On-Demand Pricing snapshot 2025-01-15 (m5.large / g4dn.xlarge Linux, public pricing pages)"
1cb2ea6f,az-89PYjtFtIt0VO0xMqcydHeczDruMzf2vUQxubcdBHeqLziX0MSxa9qIkUxZLKm6G,region_shift+time_shift,us-east-1,us-west-2,2025-01-01 00:00:00.000000,2025-01-01 16:00:00.000000,-0.697989,1.0,0.95,[fallback] region_shift+time_shift: estimated 698.0 gCO2e reduction at $1.0000 cost delta.,verified,low,"AWS On-Demand Pricing snapshot 2025-01-15 (m5.large / g4dn.xlarge Linux, public pricing pages)"
0f885784,az-xl8TnIGp6LWM1qwypNBUwnBqRuGccYUznnMhBKnwh5xARCk8E4SNSYtBlck6y5sU,time_shift,us-west-2,us-west-2,2025-01-01 13:22:51.150729,2025-01-01 17:22:51.150729,-2.9e-05,0.0,0.884,[fallback] time_shift: estimated 0.0 gCO2e reduction at $0.0000 cost delta.,verified,low,"AWS On-Demand Pricing snapshot 2025-01-15 (m5.large / g4dn.xlarge Linux, public pricing pages)"
b3fdfc0d,az-aJgYmDa1hssupxDg8PbNcjne7l6ohf/gmrW4pos9l8UmJ4ZF/YT5yp690rb+iJrM,time_shift,us-west-2,us-west-2,2025-01-06 17:48:54.846029,2025-01-06 21:48:54.846029,-4e-05,0.0,0.884,[fallback] time_shift: estimated 0.0 gCO2e reduction at $0.0000 cost delta.,verified,low,"AWS On-Demand Pricing snapshot 2025-01-15 (m5.large / g4dn.xlarge Linux, public pricing pages)"
83ec5923,az-0g9SaiM6nSCp9H4jqomcThNRWqSFjrDZJWrhSw+P31YvtLnyywHamC4xpeFtuBEp,region_shift,us-east-1,us-west-2,2025-01-01 02:18:51.928687,2025-01-01 02:18:51.928687,-0.012004,0.02,0.95,[fallback] region_shift: estimated 12.0 gCO2e reduction at $0.0200 cost delta.,verified,low,"AWS On-Demand Pricing snapshot 2025-01-15 (m5.large / g4dn.xlarge Linux, public pricing pages)"
540864b1,az-sa4U9vzJr2qkCQZenOv2X4kNwf7s9Yj6jhloVikodKJIkLwwDpXyowWiJk69jGtM,region_shift,us-east-1,us-west-2,2025-01-05 22:40:38.897893,2025-01-05 22:40:38.897893,-0.004755,0.02,0.95,[fallback] region_shift: estimated 4.8 gCO2e reduction at $0.0200 cost delta.,verified,low,"AWS On-Demand Pricing snapshot 2025-01-15 (m5.large / g4dn.xlarge Linux, public pricing pages)"
e6966fc5,az-gLwEA4nDJXmfycMeEucWjRVwElC/6dYY3y2UN8wQ2qls+iZT1QEsYcOI5kFs/Fau,time_shift,eu-west-1,eu-west-1,2025-01-06 01:10:00.972447,2025-01-06 05:10:00.972447,-5.1e-05,0.0,0.718,[fallback] time_shift: estimated 0.1 gCO2e reduction at $0.0000 cost delta.,verified,low,"AWS On-Demand Pricing snapshot 2025-01-15 (m5.large / g4dn.xlarge Linux, public pricing pages)"
4353cc77,az-Wby7fHLMCPBSpIojOECRNaeDFcD/SFy0rXNdpgzafbbs9rs7JzywnbKWneuTeQkR,region_shift,us-east-1,us-west-2,2025-01-01 04:08:33.452188,2025-01-01 04:08:33.452188,-0.005463,0.02,0.95,[fallback] region_shift: estimated 5.5 gCO2e reduction at $0.0200 cost delta.,verified,low,"AWS On-Demand Pricing snapshot 2025-01-15 (m5.large / g4dn.xlarge Linux, public pricing pages)"
b33ae581,az-sffo3dA672mherUD6dLtMp9eJwS671ebYbfcmNmUwTVPafOS0kwHox23aCZARycI,region_shift,us-east-1,us-west-2,2025-01-04 08:06:36.758509,2025-01-04 08:06:36.758509,-0.010414,0.02,0.95,[fallback] region_shift: estimated 10.4 gCO2e reduction at $0.0200 cost delta.,verified,low,"AWS On-Demand Pricing snapshot 2025-01-15 (m5.large / g4dn.xlarge Linux, public pricing pages)"
6209cfda,az-bvKEwbE8FsDfUKs4Q3lFn9d9SnnxXrRdlDjETlBsOqSWK4IJLYJeep4wPqiapeTa,region_shift+time_shift,us-east-1,us-west-2,2025-01-02 12:09:20.129660,2025-01-02 16:09:20.129660,-0.016782,0.02,0.95,[fallback] region_shift+time_shift: estimated 16.8 gCO2e reduction at $0.0200 cost delta.,verified,low,"AWS On-Demand Pricing snapshot 2025-01-15 (m5.large / g4dn.xlarge Linux, public pricing pages)"
b3142b41,az-FYMvbX29ECy2o9EKszyDOqq2aZ7/LsPzUJbks0HesFYhtJkmYiV1CsXxf5Be8nA6,time_shift,us-west-2,us-west-2,2025-01-07 17:15:04.376013,2025-01-07 21:15:04.376013,-0.000136,0.0,0.893,[fallback] time_shift: estimated 0.1 gCO2e reduction at $0.0000 cost delta.,verified,low,"AWS On-Demand Pricing snapshot 2025-01-15 (m5.large / g4dn.xlarge Linux, public pricing pages)"
0bc064b5,az-a1MQlthg60sMx9CaIGJD+zzFDkXdCdnh4zNjZFoVlrWmbkfUfim0SUuUpDDQrvkz,time_shift,eu-west-1,eu-west-1,2025-01-05 21:10:47.649919,2025-01-06 01:10:47.649919,-0.000176,0.0,0.803,[fallback] time_shift: estimated 0.2 gCO2e reduction at $0.0000 cost delta.,verified,low,"AWS On-Demand Pricing snapshot 2025-01-15 (m5.large / g4dn.xlarge Linux, public pricing pages)"
51438735,az-8l3YFNIZ2a5pcv2yormZ2KS+LPOZD8XNM/rIR609d0kz9qTuDwLBQpv++Oy81ljf,time_shift,eu-west-1,eu-west-1,2025-01-06 22:27:48.719611,2025-01-07 02:27:48.719611,-0.000285,0.0,0.708,[fallback] time_shift: estimated 0.3 gCO2e reduction at $0.0000 cost delta.,verified,low,"AWS On-Demand Pricing snapshot 2025-01-15 (m5.large / g4dn.xlarge Linux, public pricing pages)"
ffe98cd7,az-/kvYGnu708FRVCnfet4JaEs4hjs8at5vpm+M4r+jlzlYtfC1ZghgMER+vlTLkpAr,time_shift,eu-west-1,eu-west-1,2025-01-03 17:50:04.862237,2025-01-03 21:50:04.862237,-6.3e-05,0.0,0.647,[fallback] time_shift: estimated 0.1 gCO2e reduction at $0.0000 cost delta.,verified,low,"AWS On-Demand Pricing snapshot 2025-01-15 (m5.large / g4dn.xlarge Linux, public pricing pages)"
fd1dd6b6,az-GFQnEyW3jEf4HZBeEUc7Z9L/J1Eqpf0REzocYJsOrifTk2eaXMXA2vVSAiyAKuJt,time_shift,eu-west-1,eu-west-1,2025-01-01 02:02:31.701783,2025-01-01 06:02:31.701783,-0.000312,0.0,0.735,[fallback] time_shift: estimated 0.3 gCO2e reduction at $0.0000 cost delta.,verified,low,"AWS On-Demand Pricing snapshot 2025-01-15 (m5.large / g4dn.xlarge Linux, public pricing pages)"
9d43cf7c,az-X1CX0IBiCHqqdRzMOg7ziqc2I4QGsepyRFoCp8fUDyWLcCdN2mjWTt9lTxoOM7Fm,region_shift+time_shift,us-east-1,us-west-2,2025-01-01 00:00:00.000000,2025-01-01 16:00:00.000000,-1.395979,1.0,0.95,[fallback] region_shift+time_shift: estimated 1396.0 gCO2e reduction at $1.0000 cost delta.,verified,low,"AWS On-Demand Pricing snapshot 2025-01-15 (m5.large / g4dn.xlarge Linux, public pricing pages)"
0eff152b,az-ezhrBz6qmKXePMOYd0B8C5pv0gWl8kf8kAEv3wGMWc4TmB9+9WzixaIpxG7+/ue6,time_shift,eu-west-1,eu-west-1,2025-01-07 03:52:13.225284,2025-01-07 07:52:13.225284,-1.4e-05,0.0,0.652,[fallback] time_shift: estimated 0.0 gCO2e reduction at $0.0000 cost delta.,verified,low,"AWS On-Demand Pricing snapshot 2025-01-15 (m5.large / g4dn.xlarge Linux, public pricing pages)"
da4ebc35,az-akdTcjiuvNIZ+ZGMFg5r9l4TjMRxxSZheA+MLEsOZWgNCBdm6DTZr+NnjUVt7R9B,time_shift,eu-west-1,eu-west-1,2025-01-01 00:51:20.713128,2025-01-01 04:51:20.713128,-0.000144,0.0,0.852,[fallback] time_shift: estimated 0.1 gCO2e reduction at $0.0000 cost delta.,verified,low,"AWS On-Demand Pricing snapshot 2025-01-15 (m5.large / g4dn.xlarge Linux, public pricing pages)"
eca30d8f,az-Uun8GRi2JLB+R0lTcP2sbNJZMwJ+zT0zVXHJupCx/D+Re21eoGQkSLsWAPMnibtl,time_shift,eu-west-1,eu-west-1,2025-01-06 01:42:41.426256,2025-01-06 05:42:41.426256,-5.1e-05,0.0,0.718,[fallback] time_shift: estimated 0.1 gCO2e reduction at $0.0000 cost delta.,verified,low,"AWS On-Demand Pricing snapshot 2025-01-15 (m5.large / g4dn.xlarge Linux, public pricing pages)"
2ffaa7a7,az-5Xd4oTWyMHkPFcT7So32coqjgWJzn2w4Rh44GaIytVd379MrxLe2Civ8OVw3vkIX,region_shift+time_shift,us-east-1,us-west-2,2025-01-01 00:00:00.000000,2025-01-01 16:00:00.000000,-0.697989,1.0,0.95,[fallback] region_shift+time_shift: estimated 698.0 gCO2e reduction at $1.0000 cost delta.,verified,low,"AWS On-Demand Pricing snapshot 2025-01-15 (m5.large / g4dn.xlarge Linux, public pricing pages)"
3b0276f3,az-GYnf/yqsvtVaKQGoDTLkhPB9dce9daCIa0ydeRuyWtQRQwmyi4nrDPcu+AjJc2k2,region_shift,us-east-1,us-west-2,2025-01-01 17:25:34.521880,2025-01-01 17:25:34.521880,-0.007444,0.02,0.95,[fallback] region_shift: estimated 7.4 gCO2e reduction at $0.0200 cost delta.,verified,low,"AWS On-Demand Pricing snapshot 2025-01-15 (m5.large / g4dn.xlarge Linux, public pricing pages)"
d0fc2ac9,az-LZTvML2vUC612BuPRLpbDC3eFdOpFJ+IM8UEUsP5+AmfSFgd8C5FfyXA3a5II7uD,time_shift,us-west-2,us-west-2,2025-01-02 12:14:00.194489,2025-01-02 16:14:00.194489,-9e-05,0.0,0.894,[fallback] time_shift: estimated 0.1 gCO2e reduction at $0.0000 cost delta.,verified,low,"AWS On-Demand Pricing snapshot 2025-01-15 (m5.large / g4dn.xlarge Linux, public pricing pages)"
c641e86e,az-GBnh/11GzCiX8CYdiGGoOW8O/XrYOlIYvsVISm7zQ9jkVHgf/f8Oi+N37yzjqcyd,region_shift+time_shift,us-east-1,us-west-2,2025-01-01 00:00:00.000000,2025-01-01 16:00:00.000000,-0.697989,1.0,0.95,[fallback] region_shift+time_shift: estimated 698.0 gCO2e reduction at $1.0000 cost delta.,verified,low,"AWS On-Demand Pricing snapshot 2025-01-15 (m5.large / g4dn.xlarge Linux, public pricing pages)"
325de593,az-39rg/wbDMsGyj5Dx1k+j9JvLicYYDL5BMqlWdN2ogHNYM56fwXgE8QviXW+hF5ZI,region_shift+time_shift,eu-west-1,eu-north-1,2025-01-03 16:34:13.808752,2025-01-03 20:34:13.808752,-0.014228,0.0009,0.95,[fallback] region_shift+time_shift: estimated 14.2 gCO2e reduction at $0.0009 cost delta.,verified,low,"AWS On-Demand Pricing snapshot 2025-01-15 (m5.large / g4dn.xlarge Linux, public pricing pages)"
115f7359,az-boh871i0OqLdZYTTKQusDhDl9W1uMqU9lSZx/cRp52haE6v530JPzV1PXZXf0DEe,region_shift+time_shift,us-east-1,us-west-2,2025-01-01 00:00:00.000000,2025-01-01 16:00:00.000000,-0.697989,1.0,0.95,[fallback] region_shift+time_shift: estimated 698.0 gCO2e reduction at $1.0000 cost delta.,verified,low,"AWS On-Demand Pricing snapshot 2025-01-15 (m5.large / g4dn.xlarge Linux, public pricing pages)"
108c4a78,az-8pCzrCyw3KVh64aDufZdrCXBce+umUlhIN/err6OJU334v+e1BY0xZ1AfDDW4aoR,region_shift,us-east-1,us-west-2,2025-01-02 03:02:02.528363,2025-01-02 03:02:02.528363,-0.009569,0.02,0.95,[fallback] region_shift: estimated 9.6 gCO2e reduction at $0.0200 cost delta.,verified,low,"AWS On-Demand Pricing snapshot 2025-01-15 (m5.large / g4dn.xlarge Linux, public pricing pages)"
774c2367,az-z76S5VwAPodIGIV+3K4VZjxVvGmgR8ZKHVp7X9tnArCuUvFUF0eH6MwKFT+7897i,time_shift,eu-west-1,eu-west-1,2025-01-02 20:54:27.423015,2025-01-03 00:54:27.423015,-0.000219,0.0,0.776,[fallback] time_shift: estimated 0.2 gCO2e reduction at $0.0000 cost delta.,verified,low,"AWS On-Demand Pricing snapshot 2025-01-15 (m5.large / g4dn.xlarge Linux, public pricing pages)"
2431bd36,az-YYs0yeN5KIxKVOvXHaKv32CtZU4IfPjK4vnBj5JpsSvb+8KiGil/B3eN3L2i+uYZ,time_shift,us-west-2,us-west-2,2025-01-07 16:41:13.905997,2025-01-07 20:41:13.905997,-0.001142,0.0,0.849,[fallback] time_shift: estimated 1.1 gCO2e reduction at $0.0000 cost delta.,verified,low,"AWS On-Demand Pricing snapshot 2025-01-15 (m5.large / g4dn.xlarge Linux, public pricing pages)"
12da65c4,az-l8tF70WTvzVYtysBb7WPjxs/tW/lfU81WAHQGtvCnMl8DucNmnByIwtIoi6HwXGQ,region_shift+time_shift,us-east-1,us-west-2,2025-01-01 00:00:00.000000,2025-01-01 16:00:00.000000,-0.414123,1.0,0.95,[fallback] region_shift+time_shift: estimated 414.1 gCO2e reduction at $1.0000 cost delta.,verified,low,"AWS On-Demand Pricing snapshot 2025-01-15 (m5.large / g4dn.xlarge Linux, public pricing pages)"
38dee6aa,az-ncGNhLc33QUg0yBsad0vwmK2P+xmq/c972QWfWDvobaf87Ir5caWRnBSjwUwxJzD,region_shift+time_shift,us-east-1,us-west-2,2025-01-01 00:00:00.000000,2025-01-01 16:00:00.000000,-1.395979,1.0,0.95,[fallback] region_shift+time_shift: estimated 1396.0 gCO2e reduction at $1.0000 cost delta.,verified,low,"AWS On-Demand Pricing snapshot 2025-01-15 (m5.large / g4dn.xlarge Linux, public pricing pages)"
77a2902a,az-St+FfSRDC0nsjtlvRa+U4oNMkAw2gBy3AYMXwNaC8JmTfJcTFiOqKb18SIF54fzX,time_shift,us-east-1,us-east-1,2025-01-07 20:06:36.758509,2025-01-08 00:06:36.758509,-0.00067,0.0,0.663,[fallback] time_shift: estimated 0.7 gCO2e reduction at $0.0000 cost delta.,verified,low,"AWS On-Demand Pricing snapshot 2025-01-15 (m5.large / g4dn.xlarge Linux, public pricing pages)"
ae9fb90c,az-1rM2wbJk7xAg9ylzC07kdmTIqBZL33tGLCW5p4eJ8KwQmDg/GIS7jIMSfhJNWV5k,time_shift,us-west-2,us-west-2,2025-01-03 13:05:20.907618,2025-01-03 17:05:20.907618,-1.7e-05,0.0,0.892,[fallback] time_shift: estimated 0.0 gCO2e reduction at $0.0000 cost delta.,verified,low,"AWS On-Demand Pricing snapshot 2025-01-15 (m5.large / g4dn.xlarge Linux, public pricing pages)"
202757a3,az-aQBJMyRl9MAUvjyzVwnMA556HNjkACc0pItNGLQLO+0S63MgrAm7dc81dO3mw3uY,region_shift+time_shift,us-east-1,us-west-2,2025-01-07 06:18:05.251216,2025-01-07 10:18:05.251216,-0.010957,0.02,0.95,[fallback] region_shift+time_shift: estimated 11.0 gCO2e reduction at $0.0200 cost delta.,verified,low,"AWS On-Demand Pricing snapshot 2025-01-15 (m5.large / g4dn.xlarge Linux, public pricing pages)"
0d27ca4a,az-TxWJOiRa0QdvIWi/akaNVIpINyTsFYfMvqeP77s8h2SfpnhZTJvzbtIwYoztvhi1,region_shift+time_shift,us-east-1,us-west-2,2025-01-01 00:00:00.000000,2025-01-01 16:00:00.000000,-0.697989,1.0,0.95,[fallback] region_shift+time_shift: estimated 698.0 gCO2e reduction at $1.0000 cost delta.,verified,low,"AWS On-Demand Pricing snapshot 2025-01-15 (m5.large / g4dn.xlarge Linux, public pricing pages)"
59dd4371,az-iChB+IYFxzJJoCqQ5rQ9tQxwYFAyDUMWhPJbF0uYUbzdlA8Q2ew13sav0Z2MhPmy,time_shift,us-east-1,us-east-1,2025-01-07 23:23:49.497569,2025-01-08 03:23:49.497569,-0.000131,0.0,0.666,[fallback] time_shift: estimated 0.1 gCO2e reduction at $0.0000 cost delta.,verified,low,"AWS On-Demand Pricing snapshot 2025-01-15 (m5.large / g4dn.xlarge Linux, public pricing pages)"
b0b84874,az-nGAQFaZEkh1VX69YPxq8OZ+0P0OJIO4ffE5sGOUPMrrC0LeFT/3+3tzSeGHHC0oM,time_shift,eu-west-1,eu-west-1,2025-01-01 00:00:00.000000,2025-01-01 04:00:00.000000,-0.309724,0.0,0.851,[fallback] time_shift: estimated 309.7 gCO2e reduction at $0.0000 cost delta.,verified,low,"AWS On-Demand Pricing snapshot 2025-01-15 (m5.large / g4dn.xlarge Linux, public pricing pages)"
d08c1021,az-uxD7b2CFhTDdLsGYsYvrh5l0p1Eq7Dl/9Ng5bwSVjqTOruCFWX0s4Da0qOXfmLaa,region_shift,us-east-1,us-west-2,2025-01-01 20:54:27.423015,2025-01-01 20:54:27.423015,-0.239843,1.0,0.95,[fallback] region_shift: estimated 239.8 gCO2e reduction at $1.0000 cost delta.,verified,low,"AWS On-Demand Pricing snapshot 2025-01-15 (m5.large / g4dn.xlarge Linux, public pricing pages)"
0e5de05d,az-BdUeFEmY8Rz6oyd6r2GRzZUZ4j7P+kOPDVIQRftGD2NQWgSeZNOvnpgbJ9xCWPo2,time_shift,us-east-1,us-east-1,2025-01-07 22:42:58.930308,2025-01-08 02:42:58.930308,-0.000374,0.0,0.667,[fallback] time_shift: estimated 0.4 gCO2e reduction at $0.0000 cost delta.,verified,low,"AWS On-Demand Pricing snapshot 2025-01-15 (m5.large / g4dn.xlarge Linux, public pricing pages)"
0a1bf086,az-LFsK19XE5TbNaO62hFqXWrHoUqGlGPNtBC/kcJkUnI83I78HBSaiVY2nF+UPtHuk,time_shift,eu-west-1,eu-west-1,2025-01-01 21:16:37.730956,2025-01-02 01:16:37.730956,-5.7e-05,0.0,0.694,[fallback] time_shift: estimated 0.1 gCO2e reduction at $0.0000 cost delta.,verified,low,"AWS On-Demand Pricing snapshot 2025-01-15 (m5.large / g4dn.xlarge Linux, public pricing pages)"
243fa02f,az-SaasTE0sOhieIsrEdR2dv6jEajYmaqL2Gz9NrW2Vmwq8o+dgmgzk2JWxpNRQ4EQ+,time_shift,eu-west-1,eu-west-1,2025-01-01 00:04:40.064830,2025-01-01 04:04:40.064830,-0.003621,0.0,0.851,[fallback] time_shift: estimated 3.6 gCO2e reduction at $0.0000 cost delta.,verified,low,"AWS On-Demand Pricing snapshot 2025-01-15 (m5.large / g4dn.xlarge Linux, public pricing pages)"
0485404a,az-H63vLB0JCQ2JhK8lj6Qp1hxrVMfoUEP1pLNqswYhjlPcHxwig1svukz5kJD+Y47Z,time_shift,us-west-2,us-west-2,2025-01-03 14:06:01.750405,2025-01-03 18:06:01.750405,-6.3e-05,0.0,0.889,[fallback] time_shift: estimated 0.1 gCO2e reduction at $0.0000 cost delta.,verified,low,"AWS On-Demand Pricing snapshot 2025-01-15 (m5.large / g4dn.xlarge Linux, public pricing pages)"
cf87c234,az-CB+fhuvZYWWVP3fOUvXeItW7+YlXd7s4WySNwczEoIRntTew/6mouR47L5zOSftf,time_shift,ap-south-1,ap-south-1,2025-01-04 18:27:25.380875,2025-01-04 22:27:25.380875,-0.000167,0.0,0.826,[fallback] time_shift: estimated 0.2 gCO2e reduction at $0.0000 cost delta.,verified,low,"AWS On-Demand Pricing snapshot 2025-01-15 (m5.large / g4dn.xlarge Linux, public pricing pages)"
144d97e0,az-eJpAJxdudeCscRNTbKB7pn7fIXfNJ9pzydIsBmb0XicV0MK0CWTCjjbGv2sCrUiW,time_shift,eu-west-1,eu-west-1,2025-01-06 04:37:43.857374,2025-01-06 08:37:43.857374,-6.1e-05,0.0,0.727,[fallback] time_shift: estimated 0.1 gCO2e reduction at $0.0000 cost delta.,verified,low,"AWS On-Demand Pricing snapshot 2025-01-15 (m5.large / g4dn.xlarge Linux, public pricing pages)"
7d0617a2,az-DxsxVfB7A4Xh5S1Kfkr5LitevQSVYZNLaHUcz1/s+ZWdOuLeUUh4+nQW6vCaAtqb,region_shift,us-east-1,us-west-2,2025-01-06 22:40:38.897893,2025-01-06 22:40:38.897893,-0.028458,0.02,0.95,[fallback] region_shift: estimated 28.5 gCO2e reduction at $0.0200 cost delta.,verified,low,"AWS On-Demand Pricing snapshot 2025-01-15 (m5.large / g4dn.xlarge Linux, public pricing pages)"
9de38f3b,az-aYOJxdCymvU7kDTO2WJvyxvaJ4ejHFUxwRy2iazIHxLjBwL6jivPn0vWa64jhLyc,time_shift,us-west-2,us-west-2,2025-01-02 12:31:30.437601,2025-01-02 16:31:30.437601,-1.9e-05,0.0,0.905,[fallback] time_shift: estimated 0.0 gCO2e reduction at $0.0000 cost delta.,verified,low,"AWS On-Demand Pricing snapshot 2025-01-15 (m5.large / g4dn.xlarge Linux, public pricing pages)"
9d98e91a,az-ckiuMQIQzgCofkp+L2FikiP5lQbFzT4mnEmcPqv6G4ONS11wLaI158zhrGMstEN/,time_shift,eu-west-1,eu-west-1,2025-01-01 00:02:20.032415,2025-01-01 04:02:20.032415,-0.309653,0.0,0.851,[fallback] time_shift: estimated 309.7 gCO2e reduction at $0.0000 cost delta.,verified,low,"AWS On-Demand Pricing snapshot 2025-01-15 (m5.large / g4dn.xlarge Linux, public pricing pages)"
664b97a2,az-71fJw0x+SDRdAxKPwLyHZhTgQpYw2afS6tjJhfT6kHnmLH54/rl2etJKUpSFKoTB,time_shift,us-west-2,us-west-2,2025-01-02 12:11:40.162075,2025-01-02 16:11:40.162075,-0.083679,0.0,0.891,[fallback] time_shift: estimated 83.7 gCO2e reduction at $0.0000 cost delta.,verified,low,"AWS On-Demand Pricing snapshot 2025-01-15 (m5.large / g4dn.xlarge Linux, public pricing pages)"
6857ac37,az-wkH+db+1rqJqvyOONcpEmYNfZ63r3tnCP45FXMcKWXU7AdNnhtqQd/eTVKJyzM1S,time_shift,us-west-2,us-west-2,2025-01-06 16:15:33.549433,2025-01-06 20:15:33.549433,-0.000141,0.0,0.89,[fallback] time_shift: estimated 0.1 gCO2e reduction at $0.0000 cost delta.,verified,low,"AWS On-Demand Pricing snapshot 2025-01-15 (m5.large / g4dn.xlarge Linux, public pricing pages)"
465622c7,az-PTbdDKkLBoe4IdEShwZIbkAt2NFv/CZ0vYgGsfEf7MQ4n1ZKnMgksJNL6d0pMK+L,time_shift,us-west-2,us-west-2,2025-01-05 14:20:01.944895,2025-01-05 18:20:01.944895,-0.000571,0.0,0.85,[fallback] time_shift: estimated 0.6 gCO2e reduction at $0.0000 cost delta.,verified,low,"AWS On-Demand Pricing snapshot 2025-01-15 (m5.large / g4dn.xlarge Linux, public pricing pages)"
f2429c0f,az-FftB2Y9i9sCNrUWoDp5bsF6K1/lNbXxYU9TsGFqy6RPEhVNeXZHRAcNPSIJkH6qx,region_shift+time_shift,us-east-1,us-west-2,2025-01-01 00:00:00.000000,2025-01-01 16:00:00.000000,-0.697989,1.0,0.95,[fallback] region_shift+time_shift: estimated 698.0 gCO2e reduction at $1.0000 cost delta.,verified,low,"AWS On-Demand Pricing snapshot 2025-01-15 (m5.large / g4dn.xlarge Linux, public pricing pages)"
f419d217,az-n1U7qS1zeq3neaC+Za1RiOBbxDrVRfH6xG/vJSI21NbTG0uL+7rXkMjHnQ4NeEF0,time_shift,eu-west-1,eu-west-1,2025-01-03 23:16:49.400324,2025-01-04 03:16:49.400324,-0.000325,0.0,0.874,[fallback] time_shift: estimated 0.3 gCO2e reduction at $0.0000 cost delta.,verified,low,"AWS On-Demand Pricing snapshot 2025-01-15 (m5.large / g4dn.xlarge Linux, public pricing pages)"
51e0918b,az-NTz5NoHDT40hMe3ddkCm6hCFN8BjyF54bf8ujldEVoUB2JkvzdQDgwnmmUVgD7Gq,region_shift+time_shift,us-east-1,us-west-2,2025-01-01 00:00:00.000000,2025-01-01 16:00:00.000000,-0.697989,1.0,0.95,[fallback] region_shift+time_shift: estimated 698.0 gCO2e reduction at $1.0000 cost delta.,verified,low,"AWS On-Demand Pricing snapshot 2025-01-15 (m5.large / g4dn.xlarge Linux, public pricing pages)"
e5d98301,az-vCElSguqXZx4pwsfvN9t+LSG0vzSYm+hoOKmet6Vrfkm62pBBZrSpi4VIJ1bNnSz,region_shift+time_shift,us-east-1,us-west-2,2025-01-01 00:00:00.000000,2025-01-01 16:00:00.000000,-0.697989,1.0,0.95,[fallback] region_shift+time_shift: estimated 698.0 gCO2e reduction at $1.0000 cost delta.,verified,low,"AWS On-Demand Pricing snapshot 2025-01-15 (m5.large / g4dn.xlarge Linux, public pricing pages)"
fd95ac1c,az-/hAeIXyHHCKAk/BmF6YYxUYybGa38UF/zZyApstM6SKCzMwxA6Mb0o4Tw3udObn3,time_shift,eu-west-1,eu-west-1,2025-01-05 00:11:40.162075,2025-01-05 04:11:40.162075,-0.000137,0.0,0.743,[fallback] time_shift: estimated 0.1 gCO2e reduction at $0.0000 cost delta.,verified,low,"AWS On-Demand Pricing snapshot 2025-01-15 (m5.large / g4dn.xlarge Linux, public pricing pages)"
a4e6f45c,az-A+A4kYIvzspxFfSwYf3yCyZX/nEbBmb+dlAHmjCtsCuXkDHsnWH+wF7s2nYHQinc,time_shift,eu-west-1,eu-west-1,2025-01-01 01:28:41.231767,2025-01-01 05:28:41.231767,-3e-05,0.0,0.694,[fallback] time_shift: estimated 0.0 gCO2e reduction at $0.0000 cost delta.,verified,low,"AWS On-Demand Pricing snapshot 2025-01-15 (m5.large / g4dn.xlarge Linux, public pricing pages)"
c827aab3,az-kgAclYNFYyYjjlw2DxHMjPMVIgJWUz7vnvJxc2Oqeq32N0P9Rlw0V3umKkX/KOgG,region_shift,us-east-1,us-west-2,2025-01-03 21:22:27.811994,2025-01-03 21:22:27.811994,-0.010699,0.02,0.95,[fallback] region_shift: estimated 10.7 gCO2e reduction at $0.0200 cost delta.,verified,low,"AWS On-Demand Pricing snapshot 2025-01-15 (m5.large / g4dn.xlarge Linux, public pricing pages)"
2940948b,az-jMm3NiFw1zXqUA0JIOsCkznIXc5jCR7yPuKLm/O5FrGJRu14ilDtoHs1CAqRzr8v,time_shift,us-west-2,us-west-2,2025-01-05 14:21:11.961102,2025-01-05 18:21:11.961102,-7.3e-05,0.0,0.847,[fallback] time_shift: estimated 0.1 gCO2e reduction at $0.0000 cost delta.,verified,low,"AWS On-Demand Pricing snapshot 2025-01-15 (m5.large / g4dn.xlarge Linux, public pricing pages)"
80540ac0,az-tAfhOTGVfTkdfjfnv5grjwGMLbi2VdoU8ULFxViwrarRWtJkhe8LgtuEVWJ6pAOF,time_shift,us-east-1,us-east-1,2025-01-07 22:13:48.525122,2025-01-08 02:13:48.525122,-4.5e-05,0.0,0.668,[fallback] time_shift: estimated 0.0 gCO2e reduction at $0.0000 cost delta.,verified,low,"AWS On-Demand Pricing snapshot 2025-01-15 (m5.large / g4dn.xlarge Linux, public pricing pages)"
16c75fd4,az-1skkzeZyKDif7AwyGGazsNZdyatfvAx3Gi55y5WLw0uMYbgzhyi3/5My+GC890mh,time_shift,us-east-1,us-east-1,2025-01-07 22:03:18.379254,2025-01-08 02:03:18.379254,-0.000299,0.0,0.666,[fallback] time_shift: estimated 0.3 gCO2e reduction at $0.0000 cost delta.,verified,low,"AWS On-Demand Pricing snapshot 2025-01-15 (m5.large / g4dn.xlarge Linux, public pricing pages)"
a98aac52,az-415D4NjcGPycqLmdDCumSzj2oX5Khk2vxq39o8Z62eVGF0dfBlZSg7W0TL2yi0Pg,time_shift,us-west-2,us-west-2,2025-01-05 17:41:54.748784,2025-01-05 21:41:54.748784,-0.000287,0.0,0.884,[fallback] time_shift: estimated 0.3 gCO2e reduction at $0.0000 cost delta.,verified,low,"AWS On-Demand Pricing snapshot 2025-01-15 (m5.large / g4dn.xlarge Linux, public pricing pages)"
0211d5bd,az-sb9/1Eo23Amq0bVRGQn37QfW6Wbzs1a35wng7bO601CSegf0CsGqOjCty7V5VGno,time_shift,us-west-2,us-west-2,2025-01-05 14:08:21.782820,2025-01-05 18:08:21.782820,-0.000388,0.0,0.849,[fallback] time_shift: estimated 0.4 gCO2e reduction at $0.0000 cost delta.,verified,low,"AWS On-Demand Pricing snapshot 2025-01-15 (m5.large / g4dn.xlarge Linux, public pricing pages)"
da950df7,az-nU09v520a+lahrcyYHdv19s6kreD9lf2Pp29ZT7jE0py8i83akApLcMwDqdMbsqg,region_shift,us-east-1,us-west-2,2025-01-05 09:37:38.022690,2025-01-05 09:37:38.022690,-0.008101,0.02,0.95,[fallback] region_shift: estimated 8.1 gCO2e reduction at $0.0200 cost delta.,verified,low,"AWS On-Demand Pricing snapshot 2025-01-15 (m5.large / g4dn.xlarge Linux, public pricing pages)"
da85caf8,az-/YOCd+NbwVKcdCSwQMtIs/nvczphn48YdTbRXQmMyn0NDKKgGyTN/wZwtRPqoPPS,time_shift,eu-west-1,eu-west-1,2025-01-07 15:48:43.176661,2025-01-07 19:48:43.176661,-0.000286,0.0,0.691,[fallback] time_shift: estimated 0.3 gCO2e reduction at $0.0000 cost delta.,verified,low,"AWS On-Demand Pricing snapshot 2025-01-15 (m5.large / g4dn.xlarge Linux, public pricing pages)"
5b1ec876,az-tnuW/JeMZ3zBEplHSlgQXcwY7K/mpT9sSGtpSIpuRv6nnzurbkuK8KgWgHYcS6ps,time_shift,eu-west-1,eu-west-1,2025-01-01 00:00:00.000000,2025-01-01 04:00:00.000000,-0.309724,0.0,0.851,[fallback] time_shift: estimated 309.7 gCO2e reduction at $0.0000 cost delta.,verified,low,"AWS On-Demand Pricing snapshot 2025-01-15 (m5.large / g4dn.xlarge Linux, public pricing pages)"
2174f34f,az-rmp5N66AEuZ3FKj/ccNbwjC+D2i0MIcozfUnvIBnZrJbPun9QLuVPdNCim0XC/nz,time_shift,us-west-2,us-west-2,2025-01-03 15:05:32.576985,2025-01-03 19:05:32.576985,-1.6e-05,0.0,0.872,[fallback] time_shift: estimated 0.0 gCO2e reduction at $0.0000 cost delta.,verified,low,"AWS On-Demand Pricing snapshot 2025-01-15 (m5.large / g4dn.xlarge Linux, public pricing pages)"
9635224d,az-+TboIPoTn2d0rsXVH11R9fws5yw7IIQEf3kl44I1ykwV1v9Hns3WgnyN5dtif9Kn,time_shift,eu-west-1,eu-west-1,2025-01-06 23:50:39.870340,2025-01-07 03:50:39.870340,-0.000126,0.0,0.771,[fallback] time_shift: estimated 0.1 gCO2e reduction at $0.0000 cost delta.,verified,low,"AWS On-Demand Pricing snapshot 2025-01-15 (m5.large / g4dn.xlarge Linux, public pricing pages)"
737caab8,az-wzHnhl9acJrO/hJcT9nyrKUjqfFDF45LEyEYlBrzB/0Ks2x1n7Rr3DZT0jz9jrNO,region_shift+time_shift,us-east-1,us-west-2,2025-01-01 00:00:00.000000,2025-01-01 16:00:00.000000,-0.697989,1.0,0.95,[fallback] region_shift+time_shift: estimated 698.0 gCO2e reduction at $1.0000 cost delta.,verified,low,"AWS On-Demand Pricing snapshot 2025-01-15 (m5.large / g4dn.xlarge Linux, public pricing pages)"
be54f8d7,az-MSdufFunbgAJCzf/SKWIhNnLHVAc+wdfo0U208ZyV0kLnfLJ2JjeL096RL9sSVUo,time_shift,eu-west-1,eu-west-1,2025-01-05 19:49:06.515397,2025-01-05 23:49:06.515397,-5.1e-05,0.0,0.675,[fallback] time_shift: estimated 0.1 gCO2e reduction at $0.0000 cost delta.,verified,low,"AWS On-Demand Pricing snapshot 2025-01-15 (m5.large / g4dn.xlarge Linux, public pricing pages)"
cbcb2782,az-eGgY6zKFpY8zRmKPl6sENRQNwsGTMnF4SqfXHk+rLQxpMQ0scEvKvD4yRVgiZO/q,time_shift,us-west-2,us-west-2,2025-01-05 15:52:13.225284,2025-01-05 19:52:13.225284,-9e-06,0.0,0.857,[fallback] time_shift: estimated 0.0 gCO2e reduction at $0.0000 cost delta.,verified,low,"AWS On-Demand Pricing snapshot 2025-01-15 (m5.large / g4dn.xlarge Linux, public pricing pages)"
f8585288,az-KxxOA251HAW41z3FNwrjOft1+PzIa7Ep6yo6n61VPEyIa5h0vPj1N4pXRBvhGCC6,time_shift,eu-west-1,eu-west-1,2025-01-05 00:02:20.032415,2025-01-05 04:02:20.032415,-0.029749,0.0,0.745,[fallback] time_shift: estimated 29.7 gCO2e reduction at $0.0000 cost delta.,verified,low,"AWS On-Demand Pricing snapshot 2025-01-15 (m5.large / g4dn.xlarge Linux, public pricing pages)"
f55546a2,az-JXYxoOx6Ty4s4Z1Gfllum9tGMa8fQifhi9FPOPcbMuCJyocSDuqwrSPMTY1VFTrq,time_shift,eu-west-1,eu-west-1,2025-01-01 00:00:00.000000,2025-01-01 04:00:00.000000,-0.309724,0.0,0.851,[fallback] time_shift: estimated 309.7 gCO2e reduction at $0.0000 cost delta.,verified,low,"AWS On-Demand Pricing snapshot 2025-01-15 (m5.large / g4dn.xlarge Linux, public pricing pages)"
f57c520f,az-6ZnaDH9JZ0QapbXOWq1U5acj6p7461QtpNHxLFnxxEB1ntnD++gBFJGuQDcF4dDT,region_shift,us-east-1,us-west-2,2025-01-02 20:50:57.374392,2025-01-02 20:50:57.374392,-0.005756,0.02,0.95,[fallback] region_shift: estimated 5.8 gCO2e reduction at $0.0200 cost delta.,verified,low,"AWS On-Demand Pricing snapshot 2025-01-15 (m5.large / g4dn.xlarge Linux, public pricing pages)"
b8e62cf9,az-8RlzMDyyUhEhuwkcy5pd8zesHfFO4BG8WKXY8qMOPVrYVZcctwitfjfFblkFv9bk,time_shift,eu-west-1,eu-west-1,2025-01-03 20:39:17.212318,2025-01-04 00:39:17.212318,-0.000453,0.0,0.804,[fallback] time_shift: estimated 0.5 gCO2e reduction at $0.0000 cost delta.,verified,low,"AWS On-Demand Pricing snapshot 2025-01-15 (m5.large / g4dn.xlarge Linux, public pricing pages)"
01e7d709,az-Kxph3GLZ5Zxqod60/uNU2Sp3OZJUWVYEMKX4UFWq7FyjwNK4p/JZI23JaeEbuNkl,time_shift,eu-west-1,eu-west-1,2025-01-01 08:00:46.677472,2025-01-01 12:00:46.677472,-3.1e-05,0.0,0.698,[fallback] time_shift: estimated 0.0 gCO2e reduction at $0.0000 cost delta.,verified,low,"AWS On-Demand Pricing snapshot 2025-01-15 (m5.large / g4dn.xlarge Linux, public pricing pages)"
6180ef13,az-LJ6clTcfrfqTZiUFnYFFcNv4/Yl54MnQ02iHhpYdxpJ1uEHGQIQO5yiYaDIqiaZY,time_shift,eu-west-1,eu-west-1,2025-01-07 03:41:43.079417,2025-01-07 07:41:43.079417,-0.001007,0.0,0.651,[fallback] time_shift: estimated 1.0 gCO2e reduction at $0.0000 cost delta.,verified,low,"AWS On-Demand Pricing snapshot 2025-01-15 (m5.large / g4dn.xlarge Linux, public pricing pages)"
27605dae,az-SOVVzVfGIs74poeLVFJ0SYTEu0IFBqh0jBoOv3SgAmu5ML3NbbjGBIncN/lYyueF,time_shift,eu-west-1,eu-west-1,2025-01-06 17:24:24.505673,2025-01-06 21:24:24.505673,-0.009527,0.0,0.69,[fallback] time_shift: estimated 9.5 gCO2e reduction at $0.0000 cost delta.,verified,low,"AWS On-Demand Pricing snapshot 2025-01-15 (m5.large / g4dn.xlarge Linux, public pricing pages)"
c14a3d1b,az-2Tc5DiIL0nJBUW9EouAkAl3owGL9v1v56CInTE/DQzMabgjoUG5Js/dQsXoR38w+,region_shift+time_shift,us-east-1,us-west-2,2025-01-01 00:00:00.000000,2025-01-01 16:00:00.000000,-1.395979,1.0,0.95,[fallback] region_shift+time_shift: estimated 1396.0 gCO2e reduction at $1.0000 cost delta.,verified,low,"AWS On-Demand Pricing snapshot 2025-01-15 (m5.large / g4dn.xlarge Linux, public pricing pages)"
a18e9010,az-a6r/sVXOMNSZqsZ18bpX71DURpyHMrPJoo5zK4oVLTs+HtgefEBFBwxl54YNl8bZ,time_shift,eu-west-1,eu-west-1,2025-01-01 21:30:37.925446,2025-01-02 01:30:37.925446,-0.000155,0.0,0.695,[fallback] time_shift: estimated 0.2 gCO2e reduction at $0.0000 cost delta.,verified,low,"AWS On-Demand Pricing snapshot 2025-01-15 (m5.large / g4dn.xlarge Linux, public pricing pages)"
e53f3286,az-aJy6F0U971SJVHSmQoGYoXxUToneHVWZ5neCqH3GZnqPZ6SNnqTW8Or8xza7K5eg,time_shift,eu-west-1,eu-west-1,2025-01-01 03:27:42.884927,2025-01-01 07:27:42.884927,-0.001207,0.0,0.655,[fallback] time_shift: estimated 1.2 gCO2e reduction at $0.0000 cost delta.,verified,low,"AWS On-Demand Pricing snapshot 2025-01-15 (m5.large / g4dn.xlarge Linux, public pricing pages)"
1bfc7227,az-uP3jSlXvgNX10thBxu9zYsfidkPBrm9pxnj410sV8VZwlsFyFUcBgLKHJSlct1RB,time_shift,ap-south-1,ap-south-1,2025-01-06 19:44:26.450567,2025-01-06 23:44:26.450567,-0.006386,0.0,0.826,[fallback] time_shift: estimated 6.4 gCO2e reduction at $0.0000 cost delta.,verified,low,"AWS On-Demand Pricing snapshot 2025-01-15 (m5.large / g4dn.xlarge Linux, public pricing pages)"
62088181,az-lgwIUj3KTQfAsqVThJMMGyYyiTzbsvCajqDGVsq5gmNzJaOhp6jVDAiJ4LyGnJcq,region_shift+time_shift,us-east-1,us-west-2,2025-01-07 18:19:15.267423,2025-01-07 22:19:15.267423,-0.008805,0.02,0.95,[fallback] region_shift+time_shift: estimated 8.8 gCO2e reduction at $0.0200 cost delta.,verified,low,"AWS On-Demand Pricing snapshot 2025-01-15 (m5.large / g4dn.xlarge Linux, public pricing pages)"
38934c6b,az-AufzkayV7lbhWemAgUP+G3JhkRYjHsZEw/VBpVNK++4n5cZ9/MctLJsWU4YkXeqf,time_shift,eu-west-1,eu-west-1,2025-01-01 00:00:00.000000,2025-01-01 04:00:00.000000,-0.075227,0.0,0.851,[fallback] time_shift: estimated 75.2 gCO2e reduction at $0.0000 cost delta.,verified,low,"AWS On-Demand Pricing snapshot 2025-01-15 (m5.large / g4dn.xlarge Linux, public pricing pages)"
848f83b4,az-+I2X06RODnYk/K4ymfg6rMbowNVFzwYln0MghTtRfJHmP7//Uzda9iZxPOuDcdVW,region_shift+time_shift,us-east-1,us-west-2,2025-01-01 00:00:00.000000,2025-01-01 16:00:00.000000,-0.697989,1.0,0.95,[fallback] region_shift+time_shift: estimated 698.0 gCO2e reduction at $1.0000 cost delta.,verified,low,"AWS On-Demand Pricing snapshot 2025-01-15 (m5.large / g4dn.xlarge Linux, public pricing pages)"
90d9fd3f,az-le+zHn5HzEwetrLbmybYJfkQvMiag8lLJ8E4cipZDjJPv74stgPCgHqblH5gkhsj,region_shift+time_shift,us-east-1,us-west-2,2025-01-03 02:25:52.025932,2025-01-03 06:25:52.025932,-0.004889,0.02,0.95,[fallback] region_shift+time_shift: estimated 4.9 gCO2e reduction at $0.0200 cost delta.,verified,low,"AWS On-Demand Pricing snapshot 2025-01-15 (m5.large / g4dn.xlarge Linux, public pricing pages)"
52e632f4,az-Ms0vAKP3Tf0O0rZdSFbBgxPFFdJLsAFUyJ/YF2yagRT/hKtaTsz1z7cZXBod/yFS,time_shift,eu-west-1,eu-west-1,2025-01-02 21:08:27.617504,2025-01-03 01:08:27.617504,-0.000146,0.0,0.785,[fallback] time_shift: estimated 0.1 gCO2e reduction at $0.0000 cost delta.,verified,low,"AWS On-Demand Pricing snapshot 2025-01-15 (m5.large / g4dn.xlarge Linux, public pricing pages)"
06c7bdb2,az-N5b518gdz20meWRiqPlQYcyad1i7nWQgKKNowAlXG2x9/xZfogtmiTh+UmLi+8KR,region_shift,eu-west-1,eu-north-1,2025-01-03 13:07:40.940032,2025-01-03 13:07:40.940032,-0.006647,0.0098,0.95,[fallback] region_shift: estimated 6.6 gCO2e reduction at $0.0098 cost delta.,verified,low,"AWS On-Demand Pricing snapshot 2025-01-15 (m5.large / g4dn.xlarge Linux, public pricing pages)"
0fd162ed,az-VR3bwHqXms1MiYr77oYTlUomeWf7YcvpQkyONHFjNK1q9tin+2HRb/W0dKwm7PuE,time_shift,us-west-2,us-west-2,2025-01-06 17:57:04.959481,2025-01-06 21:57:04.959481,-0.002563,0.0,0.892,[fallback] time_shift: estimated 2.6 gCO2e reduction at $0.0000 cost delta.,verified,low,"AWS On-Demand Pricing snapshot 2025-01-15 (m5.large / g4dn.xlarge Linux, public pricing pages)"
e7226ac7,az-qD9muEjuKAcCXlPWJdk8e1SXqxCG+J8J2GV7Zx3UIrP0BrBadw1oAVX0l8MZe6Sa,time_shift,eu-west-1,eu-west-1,2025-01-01 19:01:15.850891,2025-01-01 23:01:15.850891,-0.000114,0.0,0.689,[fallback] time_shift: estimated 0.1 gCO2e reduction at $0.0000 cost delta.,verified,low,"AWS On-Demand Pricing snapshot 2025-01-15 (m5.large / g4dn.xlarge Linux, public pricing pages)"
a5bfa055,az-9qyDiitvGh7OL0pF+tnNtJ8xh6aJ8eKP4zusdx8hNZJfKTboozXg3wlqBDT/C6lD,time_shift,us-west-2,us-west-2,2025-01-03 15:59:13.322528,2025-01-03 19:59:13.322528,-0.000461,0.0,0.883,[fallback] time_shift: estimated 0.5 gCO2e reduction at $0.0000 cost delta.,verified,low,"AWS On-Demand Pricing snapshot 2025-01-15 (m5.large / g4dn.xlarge Linux, public pricing pages)"
b6c21642,az-V9B+lGSdouAiNNsS73xSWrKqB0pV7o5WWKGukK9OgIY4tGhKDYZ6x2uPHzGIBqsX,time_shift,us-west-2,us-west-2,2025-01-07 18:18:05.251216,2025-01-07 22:18:05.251216,-3.4e-05,0.0,0.89,[fallback] time_shift: estimated 0.0 gCO2e reduction at $0.0000 cost delta.,verified,low,"AWS On-Demand Pricing snapshot 2025-01-15 (m5.large / g4dn.xlarge Linux, public pricing pages)"
eb69232b,az-ORf6D93OrHf+LBobnIY/xEm25JW5/sDVus1QsXJuoLa+MvOYW2BajQMAxCgHfxqJ,time_shift,eu-west-1,eu-west-1,2025-01-01 00:00:00.000000,2025-01-01 04:00:00.000000,-0.309724,0.0,0.851,[fallback] time_shift: estimated 309.7 gCO2e reduction at $0.0000 cost delta.,verified,low,"AWS On-Demand Pricing snapshot 2025-01-15 (m5.large / g4dn.xlarge Linux, public pricing pages)"
a9e19a44,az-UiFcr/YHI3jlYMve8Rj7beAmotnhjxd4r+z3QXjsh4UCMpOnKDkIKpNmoSLqCxa5,region_shift+time_shift,us-east-1,us-west-2,2025-01-01 00:00:00.000000,2025-01-01 16:00:00.000000,-0.697989,1.0,0.95,[fallback] region_shift+time_shift: estimated 698.0 gCO2e reduction at $1.0000 cost delta.,verified,low,"AWS On-Demand Pricing snapshot 2025-01-15 (m5.large / g4dn.xlarge Linux, public pricing pages)"
4a725e59,az-xfXnFobgMNf9XHAWzVAuLHUWqvylT0AbfdCSeNkqwbVFXyw5EFmlN4qAtPSsSXR4,time_shift,ap-south-1,ap-south-1,2025-01-06 18:47:15.656402,2025-01-06 22:47:15.656402,-0.000169,0.0,0.834,[fallback] time_shift: estimated 0.2 gCO2e reduction at $0.0000 cost delta.,verified,low,"AWS On-Demand Pricing snapshot 2025-01-15 (m5.large / g4dn.xlarge Linux, public pricing pages)"
73e3cd50,az-xN7MrLIM82ESaC5gvo5YaNxrLfXdNsWW+PNXetj0npapY8WiLiKwezwioSMpsRsm,time_shift,us-east-1,us-east-1,2025-01-07 20:38:07.196110,2025-01-08 00:38:07.196110,-0.000168,0.0,0.663,[fallback] time_shift: estimated 0.2 gCO2e reduction at $0.0000 cost delta.,verified,low,"AWS On-Demand Pricing snapshot 2025-01-15 (m5.large / g4dn.xlarge Linux, public pricing pages)"
e5a0cb57,az-AV2Cr7+Xrc607znRWbf6a1r7Uk4CYlApHx18rpHS2kxyggrvtwBF+XTO9yCINlsa,region_shift+time_shift,us-east-1,us-west-2,2025-01-01 00:00:00.000000,2025-01-01 16:00:00.000000,-0.697989,1.0,0.95,[fallback] region_shift+time_shift: estimated 698.0 gCO2e reduction at $1.0000 cost delta.,verified,low,"AWS On-Demand Pricing snapshot 2025-01-15 (m5.large / g4dn.xlarge Linux, public pricing pages)"
1b25b7a3,az-4JtPSugqPp0BeeGNqfi5k3mEhy/f0j6O9HFhzpvtBgN2wpmI6qjUa1tTx66cFgFD,time_shift,us-west-2,us-west-2,2025-01-07 18:33:15.461912,2025-01-07 22:33:15.461912,-5.1e-05,0.0,0.891,[fallback] time_shift: estimated 0.1 gCO2e reduction at $0.0000 cost delta.,verified,low,"AWS On-Demand Pricing snapshot 2025-01-15 (m5.large / g4dn.xlarge Linux, public pricing pages)"
133efba1,az-nglodJyWot86FfUqcOL58KtmaQo8iCXbtPHCN/MPWNkCLheiPGL2Ewzk6LdLANfm,region_shift,us-east-1,us-west-2,2025-01-01 04:16:43.565640,2025-01-01 04:16:43.565640,-0.016713,0.02,0.95,[fallback] region_shift: estimated 16.7 gCO2e reduction at $0.0200 cost delta.,verified,low,"AWS On-Demand Pricing snapshot 2025-01-15 (m5.large / g4dn.xlarge Linux, public pricing pages)"
0cbcd6c0,az-nKTw+hyVCzXEpSTwgJtL1nCWaqjeNPcPJDCoggJCycmDtj6xQ+A/Qurg4KLidtgR,time_shift,eu-west-1,eu-west-1,2025-01-07 20:53:17.406807,2025-01-08 00:53:17.406807,-5.7e-05,0.0,0.735,[fallback] time_shift: estimated 0.1 gCO2e reduction at $0.0000 cost delta.,verified,low,"AWS On-Demand Pricing snapshot 2025-01-15 (m5.large / g4dn.xlarge Linux, public pricing pages)"
19620004,az-1CpsIFrYmKjzECm/IRryRU/kRMfpyUZ0RMWkCUQkggHKAu9q8bEZa4wl3FTkGG7H,time_shift,ap-south-1,ap-south-1,2025-01-03 20:38:07.196110,2025-01-04 00:38:07.196110,-0.00027,0.0,0.822,[fallback] time_shift: estimated 0.3 gCO2e reduction at $0.0000 cost delta.,verified,low,"AWS On-Demand Pricing snapshot 2025-01-15 (m5.large / g4dn.xlarge Linux, public pricing pages)"
51f4fb31,az-Q6Qz1rD+XxvYXHUFJoXNDeJIZSmcieL3pRDaqhSY8WAOCyqM5mQeXvznBOBwinsw,time_shift,us-west-2,us-west-2,2025-01-06 18:06:25.089141,2025-01-06 22:06:25.089141,-1.4e-05,0.0,0.882,[fallback] time_shift: estimated 0.0 gCO2e reduction at $0.0000 cost delta.,verified,low,"AWS On-Demand Pricing snapshot 2025-01-15 (m5.large / g4dn.xlarge Linux, public pricing pages)"
e5eda4d9,az-Y//WOnuwCIwLhZSXRX9U6tFoBjf6ko22lU2Exrg9U0lkZKmX81tNv7DbNT5bLsf3,region_shift,us-east-1,us-west-2,2025-01-07 12:52:30.729335,2025-01-07 12:52:30.729335,-0.009184,0.02,0.95,[fallback] region_shift: estimated 9.2 gCO2e reduction at $0.0200 cost delta.,verified,low,"AWS On-Demand Pricing snapshot 2025-01-15 (m5.large / g4dn.xlarge Linux, public pricing pages)"
c1708ed5,az-ZiHH6ukF5CS+ZVQFyEbClK8TA11OGm1FEJp8oRdDVfVTSgmwXBVhf3lQwcisRLop,time_shift,eu-west-1,eu-west-1,2025-01-01 05:23:14.489465,2025-01-01 09:23:14.489465,-0.000118,0.0,0.767,[fallback] time_shift: estimated 0.1 gCO2e reduction at $0.0000 cost delta.,verified,low,"AWS On-Demand Pricing snapshot 2025-01-15 (m5.large / g4dn.xlarge Linux, public pricing pages)"
e3f4cf4e,az-vaR9khCCOpj03LZLKalMsOL21FICreqOmcnYIqC5YwaxLaEpL1xah0TAG5aXJLJf,region_shift+time_shift,us-east-1,us-west-2,2025-01-05 03:24:12.836305,2025-01-05 07:24:12.836305,-0.006429,0.02,0.95,[fallback] region_shift+time_shift: estimated 6.4 gCO2e reduction at $0.0200 cost delta.,verified,low,"AWS On-Demand Pricing snapshot 2025-01-15 (m5.large / g4dn.xlarge Linux, public pricing pages)"
e39779e1,az-02S5asYFcyEHClsXcUvKDJGTHNtpMhJI4PRlDHM9oAnp/Wmfb5oFgfa0l3NhiAlw,time_shift,us-west-2,us-west-2,2025-01-05 15:31:12.933549,2025-01-05 19:31:12.933549,-3.4e-05,0.0,0.893,[fallback] time_shift: estimated 0.0 gCO2e reduction at $0.0000 cost delta.,verified,low,"AWS On-Demand Pricing snapshot 2025-01-15 (m5.large / g4dn.xlarge Linux, public pricing pages)"
e8f239c0,az-vhuIuWs4AwJop8qqPXZX1PVtefQVbVgMuUcNjUqPEta5IhRaA6PPq/mcJWo8/tGh,time_shift,us-east-1,us-east-1,2025-01-07 23:12:09.335494,2025-01-08 03:12:09.335494,-2.5e-05,0.0,0.671,[fallback] time_shift: estimated 0.0 gCO2e reduction at $0.0000 cost delta.,verified,low,"AWS On-Demand Pricing snapshot 2025-01-15 (m5.large / g4dn.xlarge Linux, public pricing pages)"
8ef3ced5,az-eWJ3EznEyb2S9Ga2jWOI5HoNgbmBVtbl3nx3F6rLL+J0D/9TNtx/1qJM0yhI2s/C,time_shift,eu-west-1,eu-west-1,2025-01-01 21:34:07.974068,2025-01-02 01:34:07.974068,-3.3e-05,0.0,0.693,[fallback] time_shift: estimated 0.0 gCO2e reduction at $0.0000 cost delta.,verified,low,"AWS On-Demand Pricing snapshot 2025-01-15 (m5.large / g4dn.xlarge Linux, public pricing pages)"
87ddcbe2,az-x5rvhW8hVCBKvFjEjwg3hOc1Jl/I73rSrpx/qjvHjmY80KewDU4AnHVcT1rWcq2c,region_shift,us-east-1,us-west-2,2025-01-03 19:10:35.980551,2025-01-03 19:10:35.980551,-0.008852,0.02,0.95,[fallback] region_shift: estimated 8.9 gCO2e reduction at $0.0200 cost delta.,verified,low,"AWS On-Demand Pricing snapshot 2025-01-15 (m5.large / g4dn.xlarge Linux, public pricing pages)"
9fad0ac0,az-LTbfE3SxscZ/Qx8/zTScmYNQ87kbiN2ayfe3j7vOhDfcufFmqXW1AunE48RkTWcD,time_shift,us-west-2,us-west-2,2025-01-06 16:41:13.905997,2025-01-06 20:41:13.905997,-4e-05,0.0,0.897,[fallback] time_shift: estimated 0.0 gCO2e reduction at $0.0000 cost delta.,verified,low,"AWS On-Demand Pricing snapshot 2025-01-15 (m5.large / g4dn.xlarge Linux, public pricing pages)"
12c89f43,az-gP20BCA1HwbamIbF0TVjYTYkLRvnRCFoBj3+YoZ4aLLmzmkIB+d32BQRVX61fGeV,time_shift,eu-west-1,eu-west-1,2025-01-03 04:50:34.035656,2025-01-03 08:50:34.035656,-1.4e-05,0.0,0.663,[fallback] time_shift: estimated 0.0 gCO2e reduction at $0.0000 cost delta.,verified,low,"AWS On-Demand Pricing snapshot 2025-01-15 (m5.large / g4dn.xlarge Linux, public pricing pages)"
d8195878,az-j1OjVq7IIW8wclGrEplqHydZLX4pTdVbE9XhyNG1sYzU80S/wOQ4uNO9CQUaOxSN,time_shift,us-west-2,us-west-2,2025-01-06 18:06:25.089141,2025-01-06 22:06:25.089141,-1.4e-05,0.0,0.882,[fallback] time_shift: estimated 0.0 gCO2e reduction at $0.0000 cost delta.,verified,low,"AWS On-Demand Pricing snapshot 2025-01-15 (m5.large / g4dn.xlarge Linux, public pricing pages)"
6c36792f,az-cofbTUMNlnK4plsBNsDn1oU6SCGmhS8a4xqGDRVtSA1ZAFSNJbyO+W+yLeF5vm8p,time_shift,us-west-2,us-west-2,2025-01-06 16:06:13.419773,2025-01-06 20:06:13.419773,-3.4e-05,0.0,0.893,[fallback] time_shift: estimated 0.0 gCO2e reduction at $0.0000 cost delta.,verified,low,"AWS On-Demand Pricing snapshot 2025-01-15 (m5.large / g4dn.xlarge Linux, public pricing pages)"
35034ea4,az-9A/fTcAgJgOkMQIGl7K6DU7A1xzpjiP/EbZszZJ+b40IXkbfubhGVHojLMJ6qKjj,region_shift+time_shift,us-east-1,us-west-2,2025-01-01 00:00:00.000000,2025-01-01 16:00:00.000000,-2.791959,1.0,0.95,[fallback] region_shift+time_shift: estimated 2792.0 gCO2e reduction at $1.0000 cost delta.,verified,low,"AWS On-Demand Pricing snapshot 2025-01-15 (m5.large / g4dn.xlarge Linux, public pricing pages)"
bb3c3902,az-JAnIeLkOtnflyDFgs0ybHgOpTeyr3Yq2DDKYDcv1nb4KrwrtthmsBbUlSJqaVjpx,region_shift,eu-west-1,us-west-2,2025-01-01 19:17:36.077796,2025-01-01 19:17:36.077796,-0.046154,-0.0732,0.95,[fallback] region_shift: estimated 46.2 gCO2e reduction at $-0.0732 cost delta.,verified,low,"AWS On-Demand Pricing snapshot 2025-01-15 (m5.large / g4dn.xlarge Linux, public pricing pages)"
9e17a78e,az-+AqURFjCUdj0XmEmR4WW5zfU2NmPG4j1NLAGWovp6QmBtSv8r9j9weVk8kzP5eMT,region_shift+time_shift,us-east-1,us-west-2,2025-01-07 05:30:14.586710,2025-01-07 09:30:14.586710,-0.007166,0.02,0.95,[fallback] region_shift+time_shift: estimated 7.2 gCO2e reduction at $0.0200 cost delta.,verified,low,"AWS On-Demand Pricing snapshot 2025-01-15 (m5.large / g4dn.xlarge Linux, public pricing pages)"
be86d71a,az-B6EikvX2af1VBVROZQdkgJpcIwC6gCLl9v10XNgUieEnJoKYwMmzrrfSFTkVAyBl,time_shift,eu-west-1,eu-west-1,2025-01-02 21:45:48.136143,2025-01-03 05:45:48.136143,-0.407551,0.0,0.877,[fallback] time_shift: estimated 407.6 gCO2e reduction at $0.0000 cost delta.,verified,low,"AWS On-Demand Pricing snapshot 2025-01-15 (m5.large / g4dn.xlarge Linux, public pricing pages)"
